page_id,opportunity_score,archetype,pos_30d,pos_drift,imp_30d,clicks_30d,ctr_observed_pct,ctr_expected_pct,ctr_deficit_pct,expected_recovered_clicks,reason_codes,recommended_action,urgency,rank
page_1391,78.9,1,26.4,3.05,4012,0,0.0,0.58,100.0,2006,"DECAY_POSITION_SLIP, CTR_UNDERPERFORMING, HIGH_IMP_LOW_CLICK",REWRITE_AND_UPDATE_METADATA,CRITICAL,1
page_1013,78.6,1,26.6,3.09,2888,0,0.0,0.57,100.0,1444,"DECAY_POSITION_SLIP, CTR_UNDERPERFORMING, HIGH_IMP_LOW_CLICK",REWRITE_AND_UPDATE_METADATA,CRITICAL,2
page_1233,76.5,1,18.2,2.8,2665,0,0.0,0.92,100.0,1332,"DECAY_POSITION_SLIP, CTR_UNDERPERFORMING, HIGH_IMP_LOW_CLICK",REWRITE_AND_UPDATE_METADATA,CRITICAL,3
page_1310,74.4,1,29.0,2.72,4122,1,0.02,0.51,95.3,1963,"DECAY_POSITION_SLIP, CTR_UNDERPERFORMING, HIGH_IMP_LOW_CLICK",REWRITE_AND_UPDATE_METADATA,CRITICAL,4
page_1216,73.3,1,25.6,2.78,4078,2,0.05,0.6,91.8,1872,"DECAY_POSITION_SLIP, CTR_UNDERPERFORMING, HIGH_IMP_LOW_CLICK",REWRITE_AND_UPDATE_METADATA,CRITICAL,5
page_1288,70.6,1,16.9,2.88,2742,4,0.15,1.0,85.5,1171,"DECAY_POSITION_SLIP, CTR_UNDERPERFORMING, HIGH_IMP_LOW_CLICK",REWRITE_AND_UPDATE_METADATA,CRITICAL,6
page_1184,69.3,1,27.8,2.64,4744,4,0.08,0.54,84.5,2003,"DECAY_POSITION_SLIP, CTR_UNDERPERFORMING, HIGH_IMP_LOW_CLICK",REWRITE_AND_UPDATE_METADATA,CRITICAL,7
page_1417,65.3,1,28.2,2.63,5357,7,0.13,0.53,75.5,2022,"DECAY_POSITION_SLIP, CTR_UNDERPERFORMING, HIGH_IMP_LOW_CLICK",REWRITE_AND_UPDATE_METADATA,CRITICAL,8
page_1426,61.7,1,12.3,2.96,1944,10,0.51,1.5,65.7,638,"DECAY_POSITION_SLIP, CTR_UNDERPERFORMING",REWRITE_AND_UPDATE_METADATA,CRITICAL,9
page_1030,59.2,2,20.7,0.17,5404,0,0.0,0.78,100.0,2702,"CTR_UNDERPERFORMING, HIGH_IMP_LOW_CLICK",OPTIMIZE_METADATA_TITLES,HIGH,10
page_1081,58.6,2,24.5,-0.01,8069,0,0.0,0.63,100.0,4034,"CTR_UNDERPERFORMING, HIGH_IMP_LOW_CLICK",OPTIMIZE_METADATA_TITLES,HIGH,11
page_1289,58.5,2,23.8,-0.02,7601,0,0.0,0.66,100.0,3800,"CTR_UNDERPERFORMING, HIGH_IMP_LOW_CLICK",OPTIMIZE_METADATA_TITLES,HIGH,12
page_1258,58.0,2,22.5,0.1,6760,1,0.01,0.7,97.9,3309,"CTR_UNDERPERFORMING, HIGH_IMP_LOW_CLICK",OPTIMIZE_METADATA_TITLES,HIGH,13
page_1047,57.9,2,17.2,0.03,4624,0,0.0,0.99,100.0,2312,"CTR_UNDERPERFORMING, HIGH_IMP_LOW_CLICK",OPTIMIZE_METADATA_TITLES,HIGH,14
page_1297,55.4,1,19.4,3.01,4767,21,0.44,0.85,48.0,1144,"DECAY_POSITION_SLIP, CTR_UNDERPERFORMING, HIGH_IMP_LOW_CLICK",REWRITE_AND_UPDATE_METADATA,CRITICAL,15
page_1286,55.2,1,19.8,2.8,4211,17,0.4,0.83,51.2,1078,"DECAY_POSITION_SLIP, CTR_UNDERPERFORMING, HIGH_IMP_LOW_CLICK",REWRITE_AND_UPDATE_METADATA,CRITICAL,16
page_1338,54.5,1,19.6,2.7,3918,16,0.41,0.84,51.4,1006,"DECAY_POSITION_SLIP, CTR_UNDERPERFORMING, HIGH_IMP_LOW_CLICK",REWRITE_AND_UPDATE_METADATA,CRITICAL,17
page_1465,53.8,1,13.9,2.42,3113,18,0.58,1.28,55.0,855,"DECAY_POSITION_SLIP, CTR_UNDERPERFORMING, HIGH_IMP_LOW_CLICK",REWRITE_AND_UPDATE_METADATA,CRITICAL,18
page_1423,53.3,1,24.9,2.79,6204,21,0.34,0.62,45.7,1418,"DECAY_POSITION_SLIP, CTR_UNDERPERFORMING, HIGH_IMP_LOW_CLICK",REWRITE_AND_UPDATE_METADATA,CRITICAL,19
page_1159,53.3,2,14.8,-0.01,4980,6,0.12,1.19,89.9,2237,"CTR_UNDERPERFORMING, HIGH_IMP_LOW_CLICK",OPTIMIZE_METADATA_TITLES,HIGH,20
page_1349,52.9,2,15.3,-0.01,5443,7,0.13,1.14,88.7,2413,"CTR_UNDERPERFORMING, HIGH_IMP_LOW_CLICK",OPTIMIZE_METADATA_TITLES,HIGH,21
page_1416,52.2,1,12.8,2.74,2891,22,0.76,1.43,46.7,675,"DECAY_POSITION_SLIP, CTR_UNDERPERFORMING, HIGH_IMP_LOW_CLICK",REWRITE_AND_UPDATE_METADATA,CRITICAL,22
page_1135,51.2,1,16.3,2.75,4006,24,0.6,1.05,43.1,864,"DECAY_POSITION_SLIP, CTR_UNDERPERFORMING, HIGH_IMP_LOW_CLICK",REWRITE_AND_UPDATE_METADATA,CRITICAL,23
page_1215,50.5,1,28.1,3.08,8515,30,0.35,0.53,34.1,1450,"DECAY_POSITION_SLIP, CTR_UNDERPERFORMING, HIGH_IMP_LOW_CLICK",REWRITE_AND_UPDATE_METADATA,CRITICAL,24
page_1177,50.2,1,15.3,2.94,4769,34,0.71,1.14,37.3,889,"DECAY_POSITION_SLIP, CTR_UNDERPERFORMING, HIGH_IMP_LOW_CLICK",REWRITE_AND_UPDATE_METADATA,CRITICAL,25
page_1269,50.2,1,25.6,2.98,10881,43,0.4,0.6,34.1,1854,"DECAY_POSITION_SLIP, CTR_UNDERPERFORMING, HIGH_IMP_LOW_CLICK",REWRITE_AND_UPDATE_METADATA,CRITICAL,26
page_1490,49.4,1,24.9,2.73,9116,36,0.39,0.62,36.6,1668,"DECAY_POSITION_SLIP, CTR_UNDERPERFORMING, HIGH_IMP_LOW_CLICK",REWRITE_AND_UPDATE_METADATA,CRITICAL,27
page_1319,49.2,1,13.7,2.8,3486,28,0.8,1.3,38.4,668,"DECAY_POSITION_SLIP, CTR_UNDERPERFORMING, HIGH_IMP_LOW_CLICK",REWRITE_AND_UPDATE_METADATA,CRITICAL,28
page_1246,47.9,1,14.8,2.72,5703,44,0.77,1.19,35.1,999,"DECAY_POSITION_SLIP, CTR_UNDERPERFORMING, HIGH_IMP_LOW_CLICK",REWRITE_AND_UPDATE_METADATA,CRITICAL,29
page_1397,47.9,1,26.9,2.48,9559,34,0.36,0.57,37.1,1771,"DECAY_POSITION_SLIP, CTR_UNDERPERFORMING, HIGH_IMP_LOW_CLICK",REWRITE_AND_UPDATE_METADATA,CRITICAL,30
page_1392,47.7,1,25.6,2.92,7003,29,0.41,0.6,31.0,1084,"DECAY_POSITION_SLIP, CTR_UNDERPERFORMING, HIGH_IMP_LOW_CLICK",REWRITE_AND_UPDATE_METADATA,CRITICAL,31
page_1133,47.6,1,18.5,2.81,8769,54,0.62,0.9,31.7,1389,"DECAY_POSITION_SLIP, CTR_UNDERPERFORMING, HIGH_IMP_LOW_CLICK",REWRITE_AND_UPDATE_METADATA,CRITICAL,32
page_1382,47.3,2,1.7,0.1,179979,11219,6.23,16.91,63.1,56819,"CTR_UNDERPERFORMING, HIGH_IMP_LOW_CLICK",OPTIMIZE_METADATA_TITLES,HIGH,33
page_1105,47.3,1,16.6,2.51,7001,46,0.66,1.03,36.3,1272,"DECAY_POSITION_SLIP, CTR_UNDERPERFORMING, HIGH_IMP_LOW_CLICK",REWRITE_AND_UPDATE_METADATA,CRITICAL,34
page_1425,47.3,2,1.7,-0.07,173080,10855,6.27,17.74,64.7,55949,"CTR_UNDERPERFORMING, HIGH_IMP_LOW_CLICK",OPTIMIZE_METADATA_TITLES,HIGH,35
page_1253,46.5,1,13.6,2.68,5504,49,0.89,1.32,32.8,901,"DECAY_POSITION_SLIP, CTR_UNDERPERFORMING, HIGH_IMP_LOW_CLICK",REWRITE_AND_UPDATE_METADATA,CRITICAL,36
page_1365,46.3,1,18.6,2.32,5732,32,0.56,0.9,37.6,1078,"DECAY_POSITION_SLIP, CTR_UNDERPERFORMING, HIGH_IMP_LOW_CLICK",REWRITE_AND_UPDATE_METADATA,CRITICAL,37
page_1295,46.3,2,22.0,-0.02,14599,31,0.21,0.73,70.8,5165,"CTR_UNDERPERFORMING, HIGH_IMP_LOW_CLICK",OPTIMIZE_METADATA_TITLES,HIGH,38
page_1046,46.1,1,8.9,3.13,8608,147,1.71,2.23,23.5,1010,"DECAY_POSITION_SLIP, HIGH_IMP_LOW_CLICK",REWRITE_CONTENT_INTENT,HIGH,39
page_1194,45.9,1,8.3,2.69,3082,50,1.62,2.43,33.3,512,"DECAY_POSITION_SLIP, CTR_UNDERPERFORMING, HIGH_IMP_LOW_CLICK",REWRITE_AND_UPDATE_METADATA,CRITICAL,40
page_1000,45.9,1,22.2,2.63,7481,37,0.49,0.72,31.2,1167,"DECAY_POSITION_SLIP, CTR_UNDERPERFORMING, HIGH_IMP_LOW_CLICK",REWRITE_AND_UPDATE_METADATA,CRITICAL,41
page_1410,45.8,1,19.7,2.61,8175,47,0.57,0.83,31.0,1268,"DECAY_POSITION_SLIP, CTR_UNDERPERFORMING, HIGH_IMP_LOW_CLICK",REWRITE_AND_UPDATE_METADATA,CRITICAL,42
page_1078,45.7,1,17.3,2.56,8493,57,0.67,0.98,31.3,1327,"DECAY_POSITION_SLIP, CTR_UNDERPERFORMING, HIGH_IMP_LOW_CLICK",REWRITE_AND_UPDATE_METADATA,CRITICAL,43
page_1350,45.7,2,2.9,-0.01,107375,3679,3.43,9.19,62.7,33677,"CTR_UNDERPERFORMING, HIGH_IMP_LOW_CLICK",OPTIMIZE_METADATA_TITLES,HIGH,44
page_1278,45.7,2,18.4,0.05,11267,31,0.28,0.91,69.7,3926,"CTR_UNDERPERFORMING, HIGH_IMP_LOW_CLICK",OPTIMIZE_METADATA_TITLES,HIGH,45
page_1413,45.5,2,11.0,-0.01,6373,31,0.49,1.73,71.8,2288,"CTR_UNDERPERFORMING, HIGH_IMP_LOW_CLICK",OPTIMIZE_METADATA_TITLES,HIGH,46
page_1301,45.5,2,4.9,0.07,145037,2733,1.88,4.74,60.2,43690,"CTR_UNDERPERFORMING, HIGH_IMP_LOW_CLICK",OPTIMIZE_METADATA_TITLES,HIGH,47
page_1103,45.5,2,3.3,0.03,138687,4092,2.95,7.58,61.1,42346,"CTR_UNDERPERFORMING, HIGH_IMP_LOW_CLICK",OPTIMIZE_METADATA_TITLES,HIGH,48
page_1019,45.4,1,9.2,2.58,2758,39,1.41,2.15,34.3,473,"DECAY_POSITION_SLIP, CTR_UNDERPERFORMING, HIGH_IMP_LOW_CLICK",REWRITE_AND_UPDATE_METADATA,CRITICAL,49
page_1227,45.4,1,24.7,2.63,10302,46,0.45,0.63,29.1,1498,"DECAY_POSITION_SLIP, CTR_UNDERPERFORMING, HIGH_IMP_LOW_CLICK",REWRITE_AND_UPDATE_METADATA,CRITICAL,50
page_1038,45.3,2,11.9,-0.09,6854,31,0.45,1.56,71.0,2433,"CTR_UNDERPERFORMING, HIGH_IMP_LOW_CLICK",OPTIMIZE_METADATA_TITLES,HIGH,51
page_1095,45.2,1,16.9,2.49,7134,49,0.69,1.01,31.9,1139,"DECAY_POSITION_SLIP, CTR_UNDERPERFORMING, HIGH_IMP_LOW_CLICK",REWRITE_AND_UPDATE_METADATA,CRITICAL,52
page_1224,45.1,1,19.7,3.06,16485,110,0.67,0.83,20.0,1645,"DECAY_POSITION_SLIP, HIGH_IMP_LOW_CLICK",REWRITE_CONTENT_INTENT,HIGH,53
page_1492,45.1,1,12.4,2.85,8849,98,1.11,1.49,25.5,1129,"DECAY_POSITION_SLIP, CTR_UNDERPERFORMING, HIGH_IMP_LOW_CLICK",REWRITE_AND_UPDATE_METADATA,CRITICAL,54
page_1018,45.0,1,29.9,3.49,67933,308,0.45,0.5,8.5,2879,"DECAY_POSITION_SLIP, MONITOR_VOLATILITY",REWRITE_CONTENT_INTENT,HIGH,55
page_1176,45.0,2,3.8,0.04,81841,1994,2.44,6.33,61.5,25181,"CTR_UNDERPERFORMING, HIGH_IMP_LOW_CLICK",OPTIMIZE_METADATA_TITLES,HIGH,56
page_1477,45.0,2,2.4,-0.05,77090,3300,4.28,11.36,62.3,24019,"CTR_UNDERPERFORMING, HIGH_IMP_LOW_CLICK",OPTIMIZE_METADATA_TITLES,HIGH,57
page_1435,44.9,2,7.7,0.0,4911,38,0.77,2.68,71.2,1747,"CTR_UNDERPERFORMING, HIGH_IMP_LOW_CLICK",OPTIMIZE_METADATA_TITLES,HIGH,58
page_1359,44.8,2,2.8,0.05,49237,1715,3.48,9.3,62.6,15402,"CTR_UNDERPERFORMING, HIGH_IMP_LOW_CLICK",OPTIMIZE_METADATA_TITLES,HIGH,59
page_1002,44.7,2,8.6,0.11,108586,1052,0.97,2.34,58.7,31850,"CTR_UNDERPERFORMING, HIGH_IMP_LOW_CLICK",OPTIMIZE_METADATA_TITLES,HIGH,60
page_1101,44.7,2,7.8,-0.07,183039,1995,1.09,2.65,58.8,53843,"CTR_UNDERPERFORMING, HIGH_IMP_LOW_CLICK",OPTIMIZE_METADATA_TITLES,HIGH,61
page_1196,44.7,2,8.2,0.15,191641,2086,1.09,2.49,56.2,53861,"CTR_UNDERPERFORMING, HIGH_IMP_LOW_CLICK",OPTIMIZE_METADATA_TITLES,HIGH,62
page_1008,44.6,2,23.8,-0.02,17974,40,0.22,0.66,66.3,5955,"CTR_UNDERPERFORMING, HIGH_IMP_LOW_CLICK",OPTIMIZE_METADATA_TITLES,HIGH,63
page_1302,44.6,2,14.9,0.05,6079,22,0.36,1.17,69.2,2102,"CTR_UNDERPERFORMING, HIGH_IMP_LOW_CLICK",OPTIMIZE_METADATA_TITLES,HIGH,64
page_1218,44.5,2,4.1,-0.08,57337,1260,2.2,5.8,62.1,17800,"CTR_UNDERPERFORMING, HIGH_IMP_LOW_CLICK",OPTIMIZE_METADATA_TITLES,HIGH,65
page_1063,44.5,1,6.4,3.24,16972,480,2.83,3.35,15.7,1330,"DECAY_POSITION_SLIP, HIGH_IMP_LOW_CLICK",REWRITE_CONTENT_INTENT,HIGH,66
page_1404,44.4,1,16.1,3.16,32008,291,0.91,1.07,14.8,2364,DECAY_POSITION_SLIP,REWRITE_CONTENT_INTENT,HIGH,67
page_1086,44.4,2,3.0,0.04,51350,1713,3.34,8.73,61.8,15861,"CTR_UNDERPERFORMING, HIGH_IMP_LOW_CLICK",OPTIMIZE_METADATA_TITLES,HIGH,68
page_1160,44.3,1,14.7,3.12,49107,509,1.04,1.2,13.8,3379,DECAY_POSITION_SLIP,REWRITE_CONTENT_INTENT,HIGH,69
page_1161,44.0,2,24.6,-0.05,10499,22,0.21,0.63,66.7,3503,"CTR_UNDERPERFORMING, HIGH_IMP_LOW_CLICK",OPTIMIZE_METADATA_TITLES,HIGH,70
page_1097,44.0,1,9.8,2.85,7362,111,1.51,1.97,23.6,867,"DECAY_POSITION_SLIP, HIGH_IMP_LOW_CLICK",REWRITE_CONTENT_INTENT,HIGH,71
page_1163,44.0,2,6.9,0.08,72673,907,1.25,3.05,59.0,21445,"CTR_UNDERPERFORMING, HIGH_IMP_LOW_CLICK",OPTIMIZE_METADATA_TITLES,HIGH,72
page_1172,43.9,2,3.1,-0.01,55229,1765,3.2,8.2,61.0,16847,"CTR_UNDERPERFORMING, HIGH_IMP_LOW_CLICK",OPTIMIZE_METADATA_TITLES,HIGH,73
page_1185,43.9,2,14.5,0.09,143549,764,0.53,1.22,56.4,40471,"CTR_UNDERPERFORMING, HIGH_IMP_LOW_CLICK",OPTIMIZE_METADATA_TITLES,HIGH,74
page_1329,43.8,1,16.9,3.1,20674,175,0.85,1.01,15.9,1643,"DECAY_POSITION_SLIP, HIGH_IMP_LOW_CLICK",REWRITE_CONTENT_INTENT,HIGH,75
page_1346,43.8,2,3.2,0.01,25184,729,2.89,7.85,63.1,7947,"CTR_UNDERPERFORMING, HIGH_IMP_LOW_CLICK",OPTIMIZE_METADATA_TITLES,HIGH,76
page_1443,43.8,1,25.6,2.89,17795,86,0.48,0.6,19.6,1744,"DECAY_POSITION_SLIP, HIGH_IMP_LOW_CLICK",REWRITE_CONTENT_INTENT,HIGH,77
page_1287,43.8,2,10.8,0.15,25252,172,0.68,1.75,61.0,7705,"CTR_UNDERPERFORMING, HIGH_IMP_LOW_CLICK",OPTIMIZE_METADATA_TITLES,HIGH,78
page_1028,43.7,2,2.5,-0.09,22894,911,3.98,10.86,63.4,7254,"CTR_UNDERPERFORMING, HIGH_IMP_LOW_CLICK",OPTIMIZE_METADATA_TITLES,HIGH,79
page_1325,43.7,2,23.0,-0.03,24644,62,0.25,0.69,63.3,7805,"CTR_UNDERPERFORMING, HIGH_IMP_LOW_CLICK",OPTIMIZE_METADATA_TITLES,HIGH,80
page_1321,43.7,2,1.4,0.07,12450,988,7.94,22.27,64.4,4006,"CTR_UNDERPERFORMING, HIGH_IMP_LOW_CLICK",OPTIMIZE_METADATA_TITLES,HIGH,81
page_1119,43.7,2,19.0,-0.07,10521,31,0.29,0.87,66.2,3482,"CTR_UNDERPERFORMING, HIGH_IMP_LOW_CLICK",OPTIMIZE_METADATA_TITLES,HIGH,82
page_1137,43.5,2,7.0,0.08,38821,466,1.2,2.99,59.9,11630,"CTR_UNDERPERFORMING, HIGH_IMP_LOW_CLICK",OPTIMIZE_METADATA_TITLES,HIGH,83
page_1340,43.4,1,6.1,3.0,9766,283,2.9,3.58,19.0,928,"DECAY_POSITION_SLIP, HIGH_IMP_LOW_CLICK",REWRITE_CONTENT_INTENT,HIGH,84
page_1106,43.4,1,10.9,2.86,15966,224,1.4,1.74,19.6,1561,"DECAY_POSITION_SLIP, HIGH_IMP_LOW_CLICK",REWRITE_CONTENT_INTENT,HIGH,85
page_1238,43.4,2,11.7,0.02,178608,1260,0.71,1.59,55.7,49769,"CTR_UNDERPERFORMING, HIGH_IMP_LOW_CLICK",OPTIMIZE_METADATA_TITLES,HIGH,86
page_1474,43.4,2,1.9,-0.08,23306,1303,5.59,15.0,62.7,7309,"CTR_UNDERPERFORMING, HIGH_IMP_LOW_CLICK",OPTIMIZE_METADATA_TITLES,HIGH,87
page_1481,43.3,2,19.5,-0.03,9923,29,0.29,0.84,65.3,3241,"CTR_UNDERPERFORMING, HIGH_IMP_LOW_CLICK",OPTIMIZE_METADATA_TITLES,HIGH,88
page_1484,43.3,2,18.6,0.11,23472,82,0.35,0.89,60.8,7139,"CTR_UNDERPERFORMING, HIGH_IMP_LOW_CLICK",OPTIMIZE_METADATA_TITLES,HIGH,89
page_1102,43.3,1,10.2,3.03,60652,1004,1.66,1.88,12.1,3664,DECAY_POSITION_SLIP,REWRITE_CONTENT_INTENT,HIGH,90
page_1096,43.3,2,17.0,-0.09,16017,58,0.36,1.0,63.7,5104,"CTR_UNDERPERFORMING, HIGH_IMP_LOW_CLICK",OPTIMIZE_METADATA_TITLES,HIGH,91
page_1193,43.2,2,7.0,0.03,52337,649,1.24,3.04,59.2,15483,"CTR_UNDERPERFORMING, HIGH_IMP_LOW_CLICK",OPTIMIZE_METADATA_TITLES,HIGH,92
page_1170,43.2,2,5.3,0.07,52749,923,1.75,4.22,58.5,15440,"CTR_UNDERPERFORMING, HIGH_IMP_LOW_CLICK",OPTIMIZE_METADATA_TITLES,HIGH,93
page_1162,43.2,2,15.6,0.02,24289,103,0.42,1.11,61.8,7504,"CTR_UNDERPERFORMING, HIGH_IMP_LOW_CLICK",OPTIMIZE_METADATA_TITLES,HIGH,94
page_1122,43.2,1,14.6,2.88,55541,574,1.03,1.21,14.7,4095,DECAY_POSITION_SLIP,REWRITE_CONTENT_INTENT,HIGH,95
page_1265,43.1,2,14.7,-0.02,7169,29,0.4,1.19,66.1,2368,"CTR_UNDERPERFORMING, HIGH_IMP_LOW_CLICK",OPTIMIZE_METADATA_TITLES,HIGH,96
page_1036,43.1,1,25.8,2.58,12822,58,0.45,0.6,24.0,1538,"DECAY_POSITION_SLIP, HIGH_IMP_LOW_CLICK",REWRITE_CONTENT_INTENT,HIGH,97
page_1355,43.0,2,5.7,-0.11,108819,1844,1.69,3.91,56.7,30854,"CTR_UNDERPERFORMING, HIGH_IMP_LOW_CLICK",OPTIMIZE_METADATA_TITLES,HIGH,98
page_1250,43.0,1,8.6,2.84,46046,911,1.98,2.34,15.4,3554,"DECAY_POSITION_SLIP, HIGH_IMP_LOW_CLICK",REWRITE_CONTENT_INTENT,HIGH,99
page_1204,43.0,2,2.7,-0.0,37602,1474,3.92,9.84,60.2,11313,"CTR_UNDERPERFORMING, HIGH_IMP_LOW_CLICK",OPTIMIZE_METADATA_TITLES,HIGH,100
page_1027,43.0,2,7.7,0.03,97898,1131,1.16,2.66,56.5,27663,"CTR_UNDERPERFORMING, HIGH_IMP_LOW_CLICK",OPTIMIZE_METADATA_TITLES,HIGH,101
page_1463,43.0,2,10.5,0.05,58254,444,0.76,1.81,58.0,16888,"CTR_UNDERPERFORMING, HIGH_IMP_LOW_CLICK",OPTIMIZE_METADATA_TITLES,HIGH,102
page_1045,43.0,2,9.8,-0.01,52946,430,0.81,1.99,59.2,15661,"CTR_UNDERPERFORMING, HIGH_IMP_LOW_CLICK",OPTIMIZE_METADATA_TITLES,HIGH,103
page_1166,43.0,1,11.8,2.88,51605,694,1.34,1.57,14.4,3712,DECAY_POSITION_SLIP,REWRITE_CONTENT_INTENT,HIGH,104
page_1315,43.0,2,13.6,0.05,56358,312,0.55,1.32,58.2,16390,"CTR_UNDERPERFORMING, HIGH_IMP_LOW_CLICK",OPTIMIZE_METADATA_TITLES,HIGH,105
page_1322,43.0,2,9.2,0.03,107804,1013,0.94,2.15,56.2,30289,"CTR_UNDERPERFORMING, HIGH_IMP_LOW_CLICK",OPTIMIZE_METADATA_TITLES,HIGH,106
page_1402,43.0,2,5.5,-0.02,5261,71,1.35,4.07,66.8,1757,"CTR_UNDERPERFORMING, HIGH_IMP_LOW_CLICK",OPTIMIZE_METADATA_TITLES,HIGH,107
page_1110,42.9,1,6.7,2.77,47962,1291,2.69,3.2,16.0,3833,"DECAY_POSITION_SLIP, HIGH_IMP_LOW_CLICK",REWRITE_CONTENT_INTENT,HIGH,108
page_1144,42.9,1,8.7,2.82,10490,192,1.83,2.3,20.4,1070,"DECAY_POSITION_SLIP, HIGH_IMP_LOW_CLICK",REWRITE_CONTENT_INTENT,HIGH,109
page_1089,42.9,1,9.4,2.82,9008,149,1.65,2.09,20.9,943,"DECAY_POSITION_SLIP, HIGH_IMP_LOW_CLICK",REWRITE_CONTENT_INTENT,HIGH,110
page_1491,42.9,2,17.8,0.08,27347,104,0.38,0.95,59.8,8178,"CTR_UNDERPERFORMING, HIGH_IMP_LOW_CLICK",OPTIMIZE_METADATA_TITLES,HIGH,111
page_1173,42.9,1,18.2,2.73,10216,73,0.71,0.92,22.0,1124,"DECAY_POSITION_SLIP, HIGH_IMP_LOW_CLICK",REWRITE_CONTENT_INTENT,HIGH,112
page_1344,42.9,1,9.5,2.97,37770,672,1.78,2.07,14.0,2635,DECAY_POSITION_SLIP,REWRITE_CONTENT_INTENT,HIGH,113
page_1268,42.9,1,13.9,2.81,27031,287,1.06,1.29,17.6,2373,"DECAY_POSITION_SLIP, HIGH_IMP_LOW_CLICK",REWRITE_CONTENT_INTENT,HIGH,114
page_1054,42.9,2,22.1,0.06,317120,1096,0.35,0.72,52.0,82510,"CTR_UNDERPERFORMING, HIGH_IMP_LOW_CLICK",OPTIMIZE_METADATA_TITLES,HIGH,115
page_1352,42.8,2,6.2,0.01,32802,459,1.4,3.51,60.2,9871,"CTR_UNDERPERFORMING, HIGH_IMP_LOW_CLICK",OPTIMIZE_METADATA_TITLES,HIGH,116
page_1480,42.8,2,9.1,-0.01,90693,847,0.93,2.16,56.8,25743,"CTR_UNDERPERFORMING, HIGH_IMP_LOW_CLICK",OPTIMIZE_METADATA_TITLES,HIGH,117
page_1320,42.8,2,20.3,-0.08,18160,55,0.3,0.8,62.3,5653,"CTR_UNDERPERFORMING, HIGH_IMP_LOW_CLICK",OPTIMIZE_METADATA_TITLES,HIGH,118
page_1147,42.8,2,17.3,-0.01,57933,236,0.41,0.98,58.3,16884,"CTR_UNDERPERFORMING, HIGH_IMP_LOW_CLICK",OPTIMIZE_METADATA_TITLES,HIGH,119
page_1087,42.8,2,4.2,-0.12,12753,264,2.07,5.67,63.5,4046,"CTR_UNDERPERFORMING, HIGH_IMP_LOW_CLICK",OPTIMIZE_METADATA_TITLES,HIGH,120
page_1255,42.7,2,20.1,0.0,32215,104,0.32,0.81,60.2,9689,"CTR_UNDERPERFORMING, HIGH_IMP_LOW_CLICK",OPTIMIZE_METADATA_TITLES,HIGH,121
page_1188,42.7,2,19.5,0.02,21386,70,0.33,0.84,61.2,6541,"CTR_UNDERPERFORMING, HIGH_IMP_LOW_CLICK",OPTIMIZE_METADATA_TITLES,HIGH,122
page_1337,42.7,2,9.9,0.03,61729,516,0.84,1.97,57.5,17760,"CTR_UNDERPERFORMING, HIGH_IMP_LOW_CLICK",OPTIMIZE_METADATA_TITLES,HIGH,123
page_1044,42.7,1,21.0,3.22,61073,433,0.71,0.77,7.8,2396,DECAY_POSITION_SLIP,REWRITE_CONTENT_INTENT,HIGH,124
page_1327,42.7,2,9.4,-0.02,82302,735,0.89,2.08,57.1,23479,"CTR_UNDERPERFORMING, HIGH_IMP_LOW_CLICK",OPTIMIZE_METADATA_TITLES,HIGH,125
page_1432,42.7,2,24.6,0.07,37498,98,0.26,0.63,58.5,10974,"CTR_UNDERPERFORMING, HIGH_IMP_LOW_CLICK",OPTIMIZE_METADATA_TITLES,HIGH,126
page_1221,42.6,2,5.5,0.11,11745,182,1.55,4.03,61.6,3615,"CTR_UNDERPERFORMING, HIGH_IMP_LOW_CLICK",OPTIMIZE_METADATA_TITLES,HIGH,127
page_1200,42.6,2,13.8,-0.13,74845,417,0.56,1.29,57.0,21316,"CTR_UNDERPERFORMING, HIGH_IMP_LOW_CLICK",OPTIMIZE_METADATA_TITLES,HIGH,128
page_1138,42.6,1,12.3,2.94,19302,242,1.25,1.49,16.0,1540,"DECAY_POSITION_SLIP, HIGH_IMP_LOW_CLICK",REWRITE_CONTENT_INTENT,HIGH,129
page_1487,42.5,1,16.2,2.94,34412,316,0.92,1.06,13.8,2366,DECAY_POSITION_SLIP,REWRITE_CONTENT_INTENT,HIGH,130
page_1187,42.5,2,7.9,-0.06,6930,63,0.91,2.58,64.8,2243,"CTR_UNDERPERFORMING, HIGH_IMP_LOW_CLICK",OPTIMIZE_METADATA_TITLES,HIGH,131
page_1361,42.5,2,12.0,0.07,15605,93,0.6,1.53,61.1,4770,"CTR_UNDERPERFORMING, HIGH_IMP_LOW_CLICK",OPTIMIZE_METADATA_TITLES,HIGH,132
page_1231,42.5,2,20.4,-0.13,16789,51,0.3,0.79,61.8,5186,"CTR_UNDERPERFORMING, HIGH_IMP_LOW_CLICK",OPTIMIZE_METADATA_TITLES,HIGH,133
page_1229,42.5,2,5.0,-0.08,29996,548,1.83,4.55,59.9,8979,"CTR_UNDERPERFORMING, HIGH_IMP_LOW_CLICK",OPTIMIZE_METADATA_TITLES,HIGH,134
page_1174,42.5,2,10.9,0.01,55703,407,0.73,1.73,57.7,16069,"CTR_UNDERPERFORMING, HIGH_IMP_LOW_CLICK",OPTIMIZE_METADATA_TITLES,HIGH,135
page_1212,42.4,2,12.5,-0.03,12577,69,0.55,1.47,62.7,3943,"CTR_UNDERPERFORMING, HIGH_IMP_LOW_CLICK",OPTIMIZE_METADATA_TITLES,HIGH,136
page_1381,42.4,2,17.2,-0.02,28729,114,0.4,0.99,59.8,8591,"CTR_UNDERPERFORMING, HIGH_IMP_LOW_CLICK",OPTIMIZE_METADATA_TITLES,HIGH,137
page_1375,42.4,1,9.4,2.73,57145,1013,1.77,2.09,15.1,4302,"DECAY_POSITION_SLIP, HIGH_IMP_LOW_CLICK",REWRITE_CONTENT_INTENT,HIGH,138
page_1263,42.4,2,18.9,-0.02,34527,123,0.36,0.88,59.3,10239,"CTR_UNDERPERFORMING, HIGH_IMP_LOW_CLICK",OPTIMIZE_METADATA_TITLES,HIGH,139
page_1214,42.4,2,9.5,0.0,63272,558,0.88,2.06,57.1,18075,"CTR_UNDERPERFORMING, HIGH_IMP_LOW_CLICK",OPTIMIZE_METADATA_TITLES,HIGH,140
page_1323,42.4,1,14.9,2.48,8513,75,0.88,1.18,25.3,1075,"DECAY_POSITION_SLIP, CTR_UNDERPERFORMING, HIGH_IMP_LOW_CLICK",REWRITE_AND_UPDATE_METADATA,CRITICAL,141
page_1483,42.4,2,3.0,0.03,3661,108,2.95,8.74,66.3,1212,"CTR_UNDERPERFORMING, HIGH_IMP_LOW_CLICK",OPTIMIZE_METADATA_TITLES,HIGH,142
page_1048,42.4,2,13.6,-0.0,107870,638,0.59,1.32,55.3,29845,"CTR_UNDERPERFORMING, HIGH_IMP_LOW_CLICK",OPTIMIZE_METADATA_TITLES,HIGH,143
page_1384,42.4,2,20.3,0.1,58530,207,0.35,0.8,55.9,16373,"CTR_UNDERPERFORMING, HIGH_IMP_LOW_CLICK",OPTIMIZE_METADATA_TITLES,HIGH,144
page_1452,42.4,1,10.0,2.71,57704,949,1.64,1.94,15.2,4389,"DECAY_POSITION_SLIP, HIGH_IMP_LOW_CLICK",REWRITE_CONTENT_INTENT,HIGH,145
page_1284,42.3,2,5.5,-0.03,23363,376,1.61,4.05,60.2,7035,"CTR_UNDERPERFORMING, HIGH_IMP_LOW_CLICK",OPTIMIZE_METADATA_TITLES,HIGH,146
page_1316,42.3,1,19.9,2.87,21864,151,0.69,0.82,16.0,1754,"DECAY_POSITION_SLIP, HIGH_IMP_LOW_CLICK",REWRITE_CONTENT_INTENT,HIGH,147
page_1373,42.3,2,11.0,0.04,38043,275,0.72,1.72,58.0,11027,"CTR_UNDERPERFORMING, HIGH_IMP_LOW_CLICK",OPTIMIZE_METADATA_TITLES,HIGH,148
page_1074,42.3,2,21.8,0.05,226037,796,0.35,0.73,52.0,58764,"CTR_UNDERPERFORMING, HIGH_IMP_LOW_CLICK",OPTIMIZE_METADATA_TITLES,HIGH,149
page_1462,42.3,2,7.0,-0.04,9093,100,1.1,3.01,63.4,2883,"CTR_UNDERPERFORMING, HIGH_IMP_LOW_CLICK",OPTIMIZE_METADATA_TITLES,HIGH,150
page_1232,42.3,2,17.1,0.02,15642,60,0.38,0.99,61.4,4800,"CTR_UNDERPERFORMING, HIGH_IMP_LOW_CLICK",OPTIMIZE_METADATA_TITLES,HIGH,151
page_1266,42.3,2,19.4,0.02,28690,99,0.35,0.85,59.4,8523,"CTR_UNDERPERFORMING, HIGH_IMP_LOW_CLICK",OPTIMIZE_METADATA_TITLES,HIGH,152
page_1260,42.2,2,4.7,-0.04,19555,377,1.93,4.9,60.6,5927,"CTR_UNDERPERFORMING, HIGH_IMP_LOW_CLICK",OPTIMIZE_METADATA_TITLES,HIGH,153
page_1357,42.2,2,12.4,-0.14,31463,191,0.61,1.48,59.0,9282,"CTR_UNDERPERFORMING, HIGH_IMP_LOW_CLICK",OPTIMIZE_METADATA_TITLES,HIGH,154
page_1394,42.2,1,21.6,2.6,13061,76,0.58,0.74,21.5,1407,"DECAY_POSITION_SLIP, HIGH_IMP_LOW_CLICK",REWRITE_CONTENT_INTENT,HIGH,155
page_1277,42.2,2,18.3,-0.04,225713,974,0.43,0.91,52.6,59327,"CTR_UNDERPERFORMING, HIGH_IMP_LOW_CLICK",OPTIMIZE_METADATA_TITLES,HIGH,156
page_1304,42.2,2,11.3,-0.03,66892,484,0.72,1.67,56.6,18939,"CTR_UNDERPERFORMING, HIGH_IMP_LOW_CLICK",OPTIMIZE_METADATA_TITLES,HIGH,157
page_1274,42.1,2,20.1,-0.09,36807,124,0.34,0.81,58.4,10747,"CTR_UNDERPERFORMING, HIGH_IMP_LOW_CLICK",OPTIMIZE_METADATA_TITLES,HIGH,158
page_1211,42.1,2,15.4,0.11,34107,166,0.49,1.13,56.8,9686,"CTR_UNDERPERFORMING, HIGH_IMP_LOW_CLICK",OPTIMIZE_METADATA_TITLES,HIGH,159
page_1414,42.1,2,14.4,0.09,42150,225,0.53,1.23,56.6,11928,"CTR_UNDERPERFORMING, HIGH_IMP_LOW_CLICK",OPTIMIZE_METADATA_TITLES,HIGH,160
page_1129,42.1,2,7.2,-0.08,19016,219,1.15,2.92,60.6,5763,"CTR_UNDERPERFORMING, HIGH_IMP_LOW_CLICK",OPTIMIZE_METADATA_TITLES,HIGH,161
page_1330,42.1,1,11.1,2.72,24130,337,1.4,1.69,17.5,2111,"DECAY_POSITION_SLIP, HIGH_IMP_LOW_CLICK",REWRITE_CONTENT_INTENT,HIGH,162
page_1363,42.1,2,11.7,-0.0,54940,376,0.68,1.59,57.1,15680,"CTR_UNDERPERFORMING, HIGH_IMP_LOW_CLICK",OPTIMIZE_METADATA_TITLES,HIGH,163
page_1267,42.1,2,22.1,0.05,37249,114,0.31,0.72,57.6,10725,"CTR_UNDERPERFORMING, HIGH_IMP_LOW_CLICK",OPTIMIZE_METADATA_TITLES,HIGH,164
page_1114,42.0,2,22.0,-0.06,49377,154,0.31,0.73,57.0,14083,"CTR_UNDERPERFORMING, HIGH_IMP_LOW_CLICK",OPTIMIZE_METADATA_TITLES,HIGH,165
page_1108,42.0,1,17.9,2.94,34423,283,0.82,0.94,12.5,2159,DECAY_POSITION_SLIP,REWRITE_CONTENT_INTENT,HIGH,166
page_1455,42.0,1,14.9,2.81,74222,765,1.03,1.17,12.1,4500,DECAY_POSITION_SLIP,REWRITE_CONTENT_INTENT,HIGH,167
page_1326,42.0,2,9.5,-0.04,13526,108,0.8,2.07,61.5,4156,"CTR_UNDERPERFORMING, HIGH_IMP_LOW_CLICK",OPTIMIZE_METADATA_TITLES,HIGH,168
page_1146,42.0,2,15.3,-0.04,85235,435,0.51,1.14,55.3,23561,"CTR_UNDERPERFORMING, HIGH_IMP_LOW_CLICK",OPTIMIZE_METADATA_TITLES,HIGH,169
page_1418,42.0,2,19.4,-0.02,34042,120,0.35,0.85,58.4,9945,"CTR_UNDERPERFORMING, HIGH_IMP_LOW_CLICK",OPTIMIZE_METADATA_TITLES,HIGH,170
page_1093,42.0,2,9.5,0.07,39921,357,0.89,2.07,56.8,11339,"CTR_UNDERPERFORMING, HIGH_IMP_LOW_CLICK",OPTIMIZE_METADATA_TITLES,HIGH,171
page_1438,41.9,2,4.0,-0.05,14840,347,2.34,6.0,61.0,4527,"CTR_UNDERPERFORMING, HIGH_IMP_LOW_CLICK",OPTIMIZE_METADATA_TITLES,HIGH,172
page_1024,41.9,1,25.9,2.86,80980,429,0.53,0.59,10.8,4358,DECAY_POSITION_SLIP,REWRITE_CONTENT_INTENT,HIGH,173
page_1131,41.9,1,27.1,2.77,20182,94,0.47,0.56,16.7,1689,"DECAY_POSITION_SLIP, HIGH_IMP_LOW_CLICK",REWRITE_CONTENT_INTENT,HIGH,174
page_1275,41.9,2,4.7,-0.07,9021,166,1.84,4.91,62.5,2820,"CTR_UNDERPERFORMING, HIGH_IMP_LOW_CLICK",OPTIMIZE_METADATA_TITLES,HIGH,175
page_1482,41.9,1,8.2,2.73,23361,477,2.04,2.46,17.0,1984,"DECAY_POSITION_SLIP, HIGH_IMP_LOW_CLICK",REWRITE_CONTENT_INTENT,HIGH,176
page_1136,41.9,2,13.8,-0.12,100724,594,0.59,1.3,54.6,27489,"CTR_UNDERPERFORMING, HIGH_IMP_LOW_CLICK",OPTIMIZE_METADATA_TITLES,HIGH,177
page_1343,41.9,1,28.8,2.89,36495,165,0.45,0.52,13.1,2384,DECAY_POSITION_SLIP,REWRITE_CONTENT_INTENT,HIGH,178
page_1379,41.9,1,11.3,2.9,25992,374,1.44,1.67,13.8,1794,DECAY_POSITION_SLIP,REWRITE_CONTENT_INTENT,HIGH,179
page_1225,41.9,1,25.9,2.91,29950,154,0.51,0.59,13.3,1995,DECAY_POSITION_SLIP,REWRITE_CONTENT_INTENT,HIGH,180
page_1298,41.8,2,17.7,-0.05,54287,225,0.41,0.95,56.3,15294,"CTR_UNDERPERFORMING, HIGH_IMP_LOW_CLICK",OPTIMIZE_METADATA_TITLES,HIGH,181
page_1235,41.8,2,22.1,0.08,26778,82,0.31,0.72,57.5,7701,"CTR_UNDERPERFORMING, HIGH_IMP_LOW_CLICK",OPTIMIZE_METADATA_TITLES,HIGH,182
page_1457,41.8,1,7.0,2.82,33163,854,2.58,3.0,14.1,2334,DECAY_POSITION_SLIP,REWRITE_CONTENT_INTENT,HIGH,183
page_1496,41.8,2,23.0,-0.05,52804,158,0.3,0.69,56.5,14923,"CTR_UNDERPERFORMING, HIGH_IMP_LOW_CLICK",OPTIMIZE_METADATA_TITLES,HIGH,184
page_1169,41.8,2,8.0,-0.03,20676,214,1.04,2.56,59.6,6164,"CTR_UNDERPERFORMING, HIGH_IMP_LOW_CLICK",OPTIMIZE_METADATA_TITLES,HIGH,185
page_1075,41.7,2,23.8,-0.03,31905,88,0.28,0.66,58.0,9255,"CTR_UNDERPERFORMING, HIGH_IMP_LOW_CLICK",OPTIMIZE_METADATA_TITLES,HIGH,186
page_1479,41.7,2,15.4,-0.01,32759,156,0.48,1.13,57.8,9460,"CTR_UNDERPERFORMING, HIGH_IMP_LOW_CLICK",OPTIMIZE_METADATA_TITLES,HIGH,187
page_1461,41.7,2,15.6,0.07,57720,290,0.5,1.11,54.9,15840,"CTR_UNDERPERFORMING, HIGH_IMP_LOW_CLICK",OPTIMIZE_METADATA_TITLES,HIGH,188
page_1156,41.7,2,7.9,-0.01,12087,121,1.0,2.58,61.2,3697,"CTR_UNDERPERFORMING, HIGH_IMP_LOW_CLICK",OPTIMIZE_METADATA_TITLES,HIGH,189
page_1243,41.7,1,17.8,2.86,53244,443,0.83,0.94,11.7,3113,DECAY_POSITION_SLIP,REWRITE_CONTENT_INTENT,HIGH,190
page_1189,41.7,1,10.3,2.78,34272,546,1.59,1.86,14.4,2460,DECAY_POSITION_SLIP,REWRITE_CONTENT_INTENT,HIGH,191
page_1213,41.7,1,15.6,2.72,44626,425,0.95,1.11,14.5,3244,DECAY_POSITION_SLIP,REWRITE_CONTENT_INTENT,HIGH,192
page_1153,41.7,1,23.8,3.03,33477,197,0.59,0.66,10.8,1800,DECAY_POSITION_SLIP,REWRITE_CONTENT_INTENT,HIGH,193
page_1039,41.7,1,8.9,2.71,11810,214,1.81,2.24,19.2,1135,"DECAY_POSITION_SLIP, HIGH_IMP_LOW_CLICK",REWRITE_CONTENT_INTENT,HIGH,194
page_1451,41.7,2,17.0,-0.1,52695,231,0.44,1.0,56.3,14827,"CTR_UNDERPERFORMING, HIGH_IMP_LOW_CLICK",OPTIMIZE_METADATA_TITLES,HIGH,195
page_1281,41.6,1,18.8,2.89,34122,264,0.77,0.88,12.5,2138,DECAY_POSITION_SLIP,REWRITE_CONTENT_INTENT,HIGH,196
page_1020,41.6,2,15.3,-0.07,64551,328,0.51,1.14,55.4,17892,"CTR_UNDERPERFORMING, HIGH_IMP_LOW_CLICK",OPTIMIZE_METADATA_TITLES,HIGH,197
page_1217,41.6,2,24.2,-0.04,61774,178,0.29,0.65,55.4,17106,"CTR_UNDERPERFORMING, HIGH_IMP_LOW_CLICK",OPTIMIZE_METADATA_TITLES,HIGH,198
page_1220,41.6,2,23.6,0.01,159035,506,0.32,0.67,52.2,41533,"CTR_UNDERPERFORMING, HIGH_IMP_LOW_CLICK",OPTIMIZE_METADATA_TITLES,HIGH,199
page_1009,41.6,2,18.5,-0.01,37768,146,0.39,0.9,57.1,10783,"CTR_UNDERPERFORMING, HIGH_IMP_LOW_CLICK",OPTIMIZE_METADATA_TITLES,HIGH,200
page_1495,41.6,1,7.6,2.4,31095,677,2.18,2.74,20.5,3185,"DECAY_POSITION_SLIP, HIGH_IMP_LOW_CLICK",REWRITE_CONTENT_INTENT,HIGH,201
page_1345,41.5,2,10.9,-0.2,31699,233,0.74,1.73,57.5,9116,"CTR_UNDERPERFORMING, HIGH_IMP_LOW_CLICK",OPTIMIZE_METADATA_TITLES,HIGH,202
page_1468,41.5,1,19.4,2.9,56903,433,0.76,0.85,10.4,2968,DECAY_POSITION_SLIP,REWRITE_CONTENT_INTENT,HIGH,203
page_1155,41.4,1,8.7,2.67,39447,769,1.95,2.29,15.0,2963,"DECAY_POSITION_SLIP, HIGH_IMP_LOW_CLICK",REWRITE_CONTENT_INTENT,HIGH,204
page_1091,41.4,2,16.4,-0.08,57164,267,0.47,1.04,55.2,15780,"CTR_UNDERPERFORMING, HIGH_IMP_LOW_CLICK",OPTIMIZE_METADATA_TITLES,HIGH,205
page_1210,41.4,2,19.3,-0.02,31793,116,0.36,0.85,57.3,9109,"CTR_UNDERPERFORMING, HIGH_IMP_LOW_CLICK",OPTIMIZE_METADATA_TITLES,HIGH,206
page_1142,41.4,1,10.6,2.55,33062,491,1.49,1.8,17.4,2874,"DECAY_POSITION_SLIP, HIGH_IMP_LOW_CLICK",REWRITE_CONTENT_INTENT,HIGH,207
page_1282,41.3,1,11.8,2.87,24492,333,1.36,1.57,13.2,1615,DECAY_POSITION_SLIP,REWRITE_CONTENT_INTENT,HIGH,208
page_1415,41.3,1,16.1,2.66,74711,697,0.93,1.07,12.9,4820,DECAY_POSITION_SLIP,REWRITE_CONTENT_INTENT,HIGH,209
page_1303,41.3,2,15.6,-0.07,43645,213,0.49,1.11,56.0,12227,"CTR_UNDERPERFORMING, HIGH_IMP_LOW_CLICK",OPTIMIZE_METADATA_TITLES,HIGH,210
page_1003,41.3,2,20.6,0.02,70642,256,0.36,0.79,54.1,19099,"CTR_UNDERPERFORMING, HIGH_IMP_LOW_CLICK",OPTIMIZE_METADATA_TITLES,HIGH,211
page_1151,41.2,1,18.4,2.76,50556,402,0.8,0.91,12.2,3093,DECAY_POSITION_SLIP,REWRITE_CONTENT_INTENT,HIGH,212
page_1143,41.2,1,13.5,2.72,24392,275,1.13,1.33,15.4,1882,"DECAY_POSITION_SLIP, HIGH_IMP_LOW_CLICK",REWRITE_CONTENT_INTENT,HIGH,213
page_1309,41.2,1,8.3,2.53,46875,962,2.05,2.45,16.2,3801,"DECAY_POSITION_SLIP, HIGH_IMP_LOW_CLICK",REWRITE_CONTENT_INTENT,HIGH,214
page_1085,41.2,1,11.4,2.67,19296,262,1.36,1.64,17.0,1639,"DECAY_POSITION_SLIP, HIGH_IMP_LOW_CLICK",REWRITE_CONTENT_INTENT,HIGH,215
page_1065,41.2,2,15.2,-0.08,72423,380,0.52,1.15,54.2,19619,"CTR_UNDERPERFORMING, HIGH_IMP_LOW_CLICK",OPTIMIZE_METADATA_TITLES,HIGH,216
page_1306,41.1,2,23.4,-0.03,67439,208,0.31,0.67,54.1,18257,"CTR_UNDERPERFORMING, HIGH_IMP_LOW_CLICK",OPTIMIZE_METADATA_TITLES,HIGH,217
page_1207,41.1,2,20.5,-0.01,33611,116,0.35,0.79,56.5,9492,"CTR_UNDERPERFORMING, HIGH_IMP_LOW_CLICK",OPTIMIZE_METADATA_TITLES,HIGH,218
page_1236,41.1,1,15.1,2.71,56217,570,1.01,1.16,12.6,3538,DECAY_POSITION_SLIP,REWRITE_CONTENT_INTENT,HIGH,219
page_1023,41.1,1,25.9,2.97,97165,538,0.55,0.59,6.6,3229,DECAY_POSITION_SLIP,REWRITE_CONTENT_INTENT,HIGH,220
page_1348,41.1,1,17.7,2.72,120516,1037,0.86,0.95,9.8,5882,DECAY_POSITION_SLIP,REWRITE_CONTENT_INTENT,HIGH,221
page_1293,41.0,1,20.3,2.81,33595,236,0.7,0.8,12.5,2097,DECAY_POSITION_SLIP,REWRITE_CONTENT_INTENT,HIGH,222
page_1428,41.0,1,20.9,2.7,30110,199,0.66,0.77,14.4,2175,DECAY_POSITION_SLIP,REWRITE_CONTENT_INTENT,HIGH,223
page_1257,40.8,2,14.0,0.02,38013,218,0.57,1.28,55.1,10471,"CTR_UNDERPERFORMING, HIGH_IMP_LOW_CLICK",OPTIMIZE_METADATA_TITLES,HIGH,224
page_1017,40.8,2,20.5,-0.03,45713,164,0.36,0.79,54.7,12492,"CTR_UNDERPERFORMING, HIGH_IMP_LOW_CLICK",OPTIMIZE_METADATA_TITLES,HIGH,225
page_1360,40.8,1,24.2,2.87,67407,396,0.59,0.64,8.7,2945,DECAY_POSITION_SLIP,REWRITE_CONTENT_INTENT,HIGH,226
page_1448,40.7,1,26.6,2.93,81447,434,0.53,0.57,7.1,2872,DECAY_POSITION_SLIP,REWRITE_CONTENT_INTENT,HIGH,227
page_1251,40.7,1,27.9,2.5,19913,88,0.44,0.54,18.3,1824,"DECAY_POSITION_SLIP, HIGH_IMP_LOW_CLICK",REWRITE_CONTENT_INTENT,HIGH,228
page_1362,40.6,1,18.4,2.71,27598,216,0.78,0.91,13.7,1893,DECAY_POSITION_SLIP,REWRITE_CONTENT_INTENT,HIGH,229
page_1341,40.5,1,21.5,2.59,18652,116,0.62,0.75,16.9,1573,"DECAY_POSITION_SLIP, HIGH_IMP_LOW_CLICK",REWRITE_CONTENT_INTENT,HIGH,230
page_1016,40.4,1,14.3,2.42,6994,67,0.96,1.24,22.5,788,"DECAY_POSITION_SLIP, HIGH_IMP_LOW_CLICK",REWRITE_CONTENT_INTENT,HIGH,231
page_1084,40.3,1,20.9,2.81,80289,571,0.71,0.77,8.0,3223,DECAY_POSITION_SLIP,REWRITE_CONTENT_INTENT,HIGH,232
page_1328,40.0,1,23.3,2.71,30849,183,0.59,0.68,12.2,1876,DECAY_POSITION_SLIP,REWRITE_CONTENT_INTENT,HIGH,233
page_1125,39.9,1,14.4,2.6,23598,249,1.06,1.23,14.5,1707,DECAY_POSITION_SLIP,REWRITE_CONTENT_INTENT,HIGH,234
page_1061,39.8,1,10.6,2.34,113002,1774,1.57,1.81,13.0,7368,DECAY_POSITION_SLIP,REWRITE_CONTENT_INTENT,HIGH,235
page_1130,39.7,1,22.7,2.63,37325,229,0.61,0.7,12.0,2246,DECAY_POSITION_SLIP,REWRITE_CONTENT_INTENT,HIGH,236
page_1386,39.6,1,21.3,2.74,42268,288,0.68,0.75,9.7,2044,DECAY_POSITION_SLIP,REWRITE_CONTENT_INTENT,HIGH,237
page_1082,39.5,1,17.4,2.53,15935,130,0.82,0.97,16.0,1276,"DECAY_POSITION_SLIP, HIGH_IMP_LOW_CLICK",REWRITE_CONTENT_INTENT,HIGH,238
page_1158,39.2,1,21.2,2.67,56783,393,0.69,0.76,9.0,2556,DECAY_POSITION_SLIP,REWRITE_CONTENT_INTENT,HIGH,239
page_1060,39.2,1,22.5,2.7,57593,372,0.65,0.71,8.4,2417,DECAY_POSITION_SLIP,REWRITE_CONTENT_INTENT,HIGH,240
page_1059,39.1,1,20.3,2.47,28192,194,0.69,0.8,14.2,2002,DECAY_POSITION_SLIP,REWRITE_CONTENT_INTENT,HIGH,241
page_1195,38.9,1,20.1,2.52,57280,415,0.72,0.81,10.6,3040,DECAY_POSITION_SLIP,REWRITE_CONTENT_INTENT,HIGH,242
page_1064,38.9,1,13.8,2.34,17007,182,1.07,1.3,17.4,1479,"DECAY_POSITION_SLIP, HIGH_IMP_LOW_CLICK",REWRITE_CONTENT_INTENT,HIGH,243
page_1124,38.8,1,20.0,2.38,30251,211,0.7,0.82,14.6,2205,DECAY_POSITION_SLIP,REWRITE_CONTENT_INTENT,HIGH,244
page_1466,38.8,1,22.6,2.55,103189,665,0.64,0.7,7.9,4099,DECAY_POSITION_SLIP,REWRITE_CONTENT_INTENT,HIGH,245
page_1406,38.6,1,25.1,2.52,53357,295,0.55,0.62,10.2,2708,DECAY_POSITION_SLIP,REWRITE_CONTENT_INTENT,HIGH,246
page_1141,38.6,1,13.2,2.27,13244,147,1.11,1.37,18.7,1239,"DECAY_POSITION_SLIP, HIGH_IMP_LOW_CLICK",REWRITE_CONTENT_INTENT,HIGH,247
page_1223,38.5,1,23.3,2.52,77938,480,0.62,0.67,8.7,3390,DECAY_POSITION_SLIP,REWRITE_CONTENT_INTENT,HIGH,248
page_1022,38.3,1,28.5,2.54,72301,350,0.48,0.53,8.0,2902,DECAY_POSITION_SLIP,REWRITE_CONTENT_INTENT,HIGH,249
page_1041,38.2,1,20.1,2.43,44080,317,0.72,0.81,11.4,2508,DECAY_POSITION_SLIP,REWRITE_CONTENT_INTENT,HIGH,250
page_1149,38.2,1,17.4,2.43,55731,484,0.87,0.97,10.5,2932,DECAY_POSITION_SLIP,REWRITE_CONTENT_INTENT,HIGH,251
page_1494,38.1,1,14.1,2.4,26994,295,1.09,1.26,13.2,1781,DECAY_POSITION_SLIP,REWRITE_CONTENT_INTENT,HIGH,252
page_1180,38.0,1,25.0,2.6,93314,544,0.58,0.62,5.6,2622,DECAY_POSITION_SLIP,REWRITE_CONTENT_INTENT,HIGH,253
page_1307,37.9,1,27.7,2.55,45945,229,0.5,0.55,8.6,1971,DECAY_POSITION_SLIP,REWRITE_CONTENT_INTENT,HIGH,254
page_1442,37.7,1,20.9,2.32,31992,216,0.68,0.77,12.8,2044,DECAY_POSITION_SLIP,REWRITE_CONTENT_INTENT,HIGH,255
page_1300,21.9,0,18.0,-0.07,4581,34,0.74,0.93,20.4,466,HIGH_IMP_LOW_CLICK,OPTIMIZE_METADATA_TITLES,HIGH,256
page_1464,20.0,3,5.1,-1.81,578648,33725,5.83,4.43,-31.6,0,STABLE_PERFORMER,PROTECT_AND_MONITOR,LOW,257
page_1104,19.5,3,1.4,-1.44,414033,113190,27.34,21.83,-25.2,0,STABLE_PERFORMER,PROTECT_AND_MONITOR,LOW,258
page_1088,19.3,3,1.5,-1.63,371337,95357,25.68,20.74,-23.8,0,STABLE_PERFORMER,PROTECT_AND_MONITOR,LOW,259
page_1011,19.2,3,8.2,-1.7,342619,11436,3.34,2.49,-34.2,0,STABLE_PERFORMER,PROTECT_AND_MONITOR,LOW,260
page_1228,19.1,3,3.2,-1.7,325877,35213,10.81,8.01,-35.0,0,STABLE_PERFORMER,PROTECT_AND_MONITOR,LOW,261
page_1324,19.0,3,11.1,-1.87,292980,7025,2.4,1.71,-40.5,0,STABLE_PERFORMER,PROTECT_AND_MONITOR,LOW,262
page_1333,18.9,0,5.4,0.01,262811,12664,4.82,4.16,-15.9,0,STABLE_PERFORMER,PROTECT_AND_MONITOR,LOW,263
page_1422,18.9,0,22.5,0.0,5073,31,0.61,0.71,13.5,341,STABLE_PERFORMER,PROTECT_AND_MONITOR,LOW,264
page_1388,18.9,3,1.3,-1.24,276119,81825,29.63,25.48,-16.3,0,STABLE_PERFORMER,PROTECT_AND_MONITOR,LOW,265
page_1197,18.9,3,11.9,-1.94,275691,6149,2.23,1.56,-42.7,0,STABLE_PERFORMER,PROTECT_AND_MONITOR,LOW,266
page_1209,18.9,0,17.4,-0.03,271512,3553,1.31,0.97,-34.5,0,STABLE_PERFORMER,PROTECT_AND_MONITOR,LOW,267
page_1334,18.7,0,13.1,0.07,174088,3133,1.8,1.38,-30.3,0,STABLE_PERFORMER,PROTECT_AND_MONITOR,LOW,268
page_1427,18.7,3,11.2,-1.81,239581,5634,2.35,1.69,-39.5,0,STABLE_PERFORMER,PROTECT_AND_MONITOR,LOW,269
page_1121,18.7,3,3.4,-1.65,245116,25118,10.25,7.4,-38.5,0,STABLE_PERFORMER,PROTECT_AND_MONITOR,LOW,270
page_1052,18.6,3,11.4,-1.68,221858,5140,2.32,1.64,-41.3,0,STABLE_PERFORMER,PROTECT_AND_MONITOR,LOW,271
page_1012,18.6,3,20.6,-1.65,228797,2687,1.17,0.79,-49.5,0,STABLE_PERFORMER,PROTECT_AND_MONITOR,LOW,272
page_1171,18.5,0,22.6,0.02,189380,1826,0.96,0.7,-37.1,0,STABLE_PERFORMER,PROTECT_AND_MONITOR,LOW,273
page_1419,18.5,3,1.6,-1.73,214150,51742,24.16,18.33,-31.8,0,STABLE_PERFORMER,PROTECT_AND_MONITOR,LOW,274
page_1183,18.5,3,14.1,-1.94,214571,3940,1.84,1.26,-45.9,0,STABLE_PERFORMER,PROTECT_AND_MONITOR,LOW,275
page_1248,18.4,3,19.8,-1.79,201055,2503,1.24,0.83,-50.7,0,STABLE_PERFORMER,PROTECT_AND_MONITOR,LOW,276
page_1424,18.4,0,11.3,0.0,201798,4269,2.12,1.66,-27.5,0,STABLE_PERFORMER,PROTECT_AND_MONITOR,LOW,277
page_1370,18.3,0,10.1,0.02,169852,4089,2.41,1.91,-26.0,0,STABLE_PERFORMER,PROTECT_AND_MONITOR,LOW,278
page_1367,18.3,3,2.6,-1.82,189080,28086,14.85,10.52,-41.2,0,STABLE_PERFORMER,PROTECT_AND_MONITOR,LOW,279
page_1120,18.2,3,2.8,-1.8,174869,22674,12.97,9.56,-35.6,0,STABLE_PERFORMER,PROTECT_AND_MONITOR,LOW,280
page_1230,18.2,3,2.1,-1.88,178843,33926,18.97,13.72,-38.3,0,STABLE_PERFORMER,PROTECT_AND_MONITOR,LOW,281
page_1050,18.1,3,10.7,-1.84,166464,4176,2.51,1.78,-41.0,0,STABLE_PERFORMER,PROTECT_AND_MONITOR,LOW,282
page_1444,18.1,3,3.3,-1.78,162060,17116,10.56,7.78,-35.8,0,STABLE_PERFORMER,PROTECT_AND_MONITOR,LOW,283
page_1240,18.1,3,9.4,-1.69,162992,4676,2.87,2.1,-36.6,0,STABLE_PERFORMER,PROTECT_AND_MONITOR,LOW,284
page_1440,18.1,0,7.7,-0.04,165148,5326,3.22,2.66,-21.1,0,STABLE_PERFORMER,PROTECT_AND_MONITOR,LOW,285
page_1157,18.1,3,7.0,-1.67,169039,6804,4.03,3.01,-33.7,0,STABLE_PERFORMER,PROTECT_AND_MONITOR,LOW,286
page_1271,18.1,3,18.6,-1.55,159074,2131,1.34,0.89,-50.2,0,STABLE_PERFORMER,PROTECT_AND_MONITOR,LOW,287
page_1305,18.1,3,15.7,-1.88,162996,2626,1.61,1.1,-46.3,0,STABLE_PERFORMER,PROTECT_AND_MONITOR,LOW,288
page_1499,18.0,3,9.1,-1.57,158151,4722,2.99,2.17,-37.4,0,STABLE_PERFORMER,PROTECT_AND_MONITOR,LOW,289
page_1007,18.0,3,17.9,-1.77,151533,2103,1.39,0.94,-47.8,0,STABLE_PERFORMER,PROTECT_AND_MONITOR,LOW,290
page_1148,17.9,0,20.1,0.1,91252,1003,1.1,0.81,-35.2,0,STABLE_PERFORMER,PROTECT_AND_MONITOR,LOW,291
page_1395,17.9,3,3.2,-1.74,141258,15013,10.63,8.06,-31.9,0,STABLE_PERFORMER,PROTECT_AND_MONITOR,LOW,292
page_1447,17.9,3,19.7,-1.79,146423,1822,1.24,0.83,-49.1,0,STABLE_PERFORMER,PROTECT_AND_MONITOR,LOW,293
page_1090,17.9,0,4.5,0.01,135514,8119,5.99,5.27,-13.7,0,STABLE_PERFORMER,PROTECT_AND_MONITOR,LOW,294
page_1079,17.9,0,7.3,-0.03,141304,4892,3.46,2.85,-21.4,0,STABLE_PERFORMER,PROTECT_AND_MONITOR,LOW,295
page_1140,17.9,3,1.0,-0.13,140473,50322,35.82,33.82,-5.9,0,STABLE_PERFORMER,PROTECT_AND_MONITOR,LOW,296
page_1313,17.8,3,20.5,-1.43,136857,1625,1.19,0.79,-50.3,0,STABLE_PERFORMER,PROTECT_AND_MONITOR,LOW,297
page_1165,17.8,3,1.7,-2.02,138249,31045,22.46,17.55,-28.0,0,STABLE_PERFORMER,PROTECT_AND_MONITOR,LOW,298
page_1015,17.8,0,1.9,0.02,122754,19768,16.1,15.54,-3.6,0,STABLE_PERFORMER,PROTECT_AND_MONITOR,LOW,299
page_1356,17.8,0,2.1,0.05,110495,15884,14.38,13.73,-4.7,0,STABLE_PERFORMER,PROTECT_AND_MONITOR,LOW,300
page_1478,17.7,3,10.0,-1.86,129583,3422,2.64,1.94,-36.4,0,STABLE_PERFORMER,PROTECT_AND_MONITOR,LOW,301
page_1469,17.7,3,9.6,-1.85,123358,3469,2.81,2.04,-38.0,0,STABLE_PERFORMER,PROTECT_AND_MONITOR,LOW,302
page_1272,17.7,3,1.6,-1.48,123259,30036,24.37,19.02,-28.1,0,STABLE_PERFORMER,PROTECT_AND_MONITOR,LOW,303
page_1261,17.7,3,5.8,-1.65,128543,6622,5.15,3.81,-35.3,0,STABLE_PERFORMER,PROTECT_AND_MONITOR,LOW,304
page_1080,17.7,3,9.2,-1.76,123961,3694,2.98,2.15,-38.5,0,STABLE_PERFORMER,PROTECT_AND_MONITOR,LOW,305
page_1145,17.7,0,22.4,0.04,101580,982,0.97,0.71,-36.3,0,STABLE_PERFORMER,PROTECT_AND_MONITOR,LOW,306
page_1311,17.7,0,21.2,0.03,109179,1125,1.03,0.76,-35.5,0,STABLE_PERFORMER,PROTECT_AND_MONITOR,LOW,307
page_1053,17.7,3,11.5,-1.91,128153,2944,2.3,1.62,-41.8,0,STABLE_PERFORMER,PROTECT_AND_MONITOR,LOW,308
page_1242,17.6,3,16.1,-1.73,119027,1870,1.57,1.07,-46.9,0,STABLE_PERFORMER,PROTECT_AND_MONITOR,LOW,309
page_1083,17.6,0,9.0,0.03,101382,2778,2.74,2.2,-24.7,0,STABLE_PERFORMER,PROTECT_AND_MONITOR,LOW,310
page_1107,17.6,3,6.7,-2.15,114731,4915,4.28,3.17,-35.0,0,STABLE_PERFORMER,PROTECT_AND_MONITOR,LOW,311
page_1241,17.6,3,5.7,-1.51,120394,6247,5.19,3.87,-34.0,0,STABLE_PERFORMER,PROTECT_AND_MONITOR,LOW,312
page_1178,17.6,3,21.6,-1.51,115759,1274,1.1,0.74,-48.3,0,STABLE_PERFORMER,PROTECT_AND_MONITOR,LOW,313
page_1062,17.6,3,1.6,-1.76,117216,30058,25.64,18.91,-35.6,0,STABLE_PERFORMER,PROTECT_AND_MONITOR,LOW,314
page_1364,17.5,3,8.0,-1.63,106667,3669,3.44,2.56,-34.2,0,STABLE_PERFORMER,PROTECT_AND_MONITOR,LOW,315
page_1472,17.5,0,18.6,0.01,100769,1208,1.2,0.89,-34.5,0,STABLE_PERFORMER,PROTECT_AND_MONITOR,LOW,316
page_1403,17.5,3,12.2,-1.73,108494,2317,2.14,1.51,-41.1,0,STABLE_PERFORMER,PROTECT_AND_MONITOR,LOW,317
page_1471,17.5,3,20.6,-1.69,109559,1281,1.17,0.79,-48.8,0,STABLE_PERFORMER,PROTECT_AND_MONITOR,LOW,318
page_1342,17.5,0,5.5,0.03,97414,4655,4.78,4.1,-16.5,0,STABLE_PERFORMER,PROTECT_AND_MONITOR,LOW,319
page_1198,17.5,3,1.9,-1.75,112816,23178,20.54,14.77,-39.1,0,STABLE_PERFORMER,PROTECT_AND_MONITOR,LOW,320
page_1150,17.4,3,1.1,-1.03,100633,32413,32.21,29.37,-9.6,0,STABLE_PERFORMER,PROTECT_AND_MONITOR,LOW,321
page_1026,17.4,0,11.1,0.02,94352,2024,2.15,1.7,-26.3,0,STABLE_PERFORMER,PROTECT_AND_MONITOR,LOW,322
page_1437,17.4,3,20.4,-1.41,99902,1178,1.18,0.8,-47.8,0,STABLE_PERFORMER,PROTECT_AND_MONITOR,LOW,323
page_1429,17.4,0,7.4,0.01,96807,3355,3.47,2.83,-22.6,0,STABLE_PERFORMER,PROTECT_AND_MONITOR,LOW,324
page_1399,17.4,3,1.1,-1.02,100755,33592,33.34,30.7,-8.6,0,STABLE_PERFORMER,PROTECT_AND_MONITOR,LOW,325
page_1407,17.4,0,9.4,0.06,79687,2059,2.58,2.1,-23.3,0,STABLE_PERFORMER,PROTECT_AND_MONITOR,LOW,326
page_1117,17.4,0,7.8,0.01,99927,3209,3.21,2.63,-22.0,0,STABLE_PERFORMER,PROTECT_AND_MONITOR,LOW,327
page_1366,17.4,3,2.0,-1.66,102083,18358,17.98,13.99,-28.6,0,STABLE_PERFORMER,PROTECT_AND_MONITOR,LOW,328
page_1331,17.4,3,8.9,-1.99,104619,3199,3.06,2.23,-37.1,0,STABLE_PERFORMER,PROTECT_AND_MONITOR,LOW,329
page_1409,17.3,0,10.2,-0.06,96625,2272,2.35,1.89,-24.5,0,STABLE_PERFORMER,PROTECT_AND_MONITOR,LOW,330
page_1270,17.3,3,1.4,-1.36,97181,25440,26.18,22.01,-18.9,0,STABLE_PERFORMER,PROTECT_AND_MONITOR,LOW,331
page_1035,17.3,3,20.7,-1.78,97581,1125,1.15,0.78,-47.6,0,STABLE_PERFORMER,PROTECT_AND_MONITOR,LOW,332
page_1446,17.3,3,1.6,-1.73,96640,24223,25.07,19.56,-28.2,0,STABLE_PERFORMER,PROTECT_AND_MONITOR,LOW,333
page_1134,17.3,3,1.2,-1.39,94159,28977,30.77,26.48,-16.2,0,STABLE_PERFORMER,PROTECT_AND_MONITOR,LOW,334
page_1476,17.3,0,15.4,0.03,79998,1200,1.5,1.13,-32.9,0,STABLE_PERFORMER,PROTECT_AND_MONITOR,LOW,335
page_1098,17.3,0,5.8,0.06,72648,3180,4.38,3.8,-15.3,0,STABLE_PERFORMER,PROTECT_AND_MONITOR,LOW,336
page_1186,17.3,3,12.0,-1.75,95244,2063,2.17,1.54,-40.4,0,STABLE_PERFORMER,PROTECT_AND_MONITOR,LOW,337
page_1475,17.2,3,4.5,-1.88,90164,6266,6.95,5.28,-31.7,0,STABLE_PERFORMER,PROTECT_AND_MONITOR,LOW,338
page_1372,17.2,0,16.5,-0.02,92021,1277,1.39,1.04,-33.6,0,STABLE_PERFORMER,PROTECT_AND_MONITOR,LOW,339
page_1123,17.1,0,12.7,0.01,79034,1445,1.83,1.44,-27.3,0,STABLE_PERFORMER,PROTECT_AND_MONITOR,LOW,340
page_1004,17.1,0,17.5,0.01,79424,1004,1.26,0.96,-31.2,0,STABLE_PERFORMER,PROTECT_AND_MONITOR,LOW,341
page_1029,17.1,0,21.8,0.0,85607,859,1.0,0.73,-36.5,0,STABLE_PERFORMER,PROTECT_AND_MONITOR,LOW,342
page_1182,17.1,3,2.4,-1.72,83295,13732,16.49,11.41,-44.5,0,STABLE_PERFORMER,PROTECT_AND_MONITOR,LOW,343
page_1043,17.1,3,14.0,-2.0,81775,1494,1.83,1.27,-44.1,0,STABLE_PERFORMER,PROTECT_AND_MONITOR,LOW,344
page_1245,17.0,3,20.0,-1.49,81215,999,1.23,0.82,-50.6,0,STABLE_PERFORMER,PROTECT_AND_MONITOR,LOW,345
page_1154,17.0,3,8.4,-1.95,79586,2612,3.28,2.39,-37.6,0,STABLE_PERFORMER,PROTECT_AND_MONITOR,LOW,346
page_1092,17.0,3,2.5,-2.03,77478,11521,14.87,10.68,-39.2,0,STABLE_PERFORMER,PROTECT_AND_MONITOR,LOW,347
page_1249,17.0,3,13.3,-1.72,79299,1530,1.93,1.36,-41.7,0,STABLE_PERFORMER,PROTECT_AND_MONITOR,LOW,348
page_1294,17.0,0,1.6,-0.04,77731,14901,19.17,18.59,-3.1,0,STABLE_PERFORMER,PROTECT_AND_MONITOR,LOW,349
page_1280,17.0,3,14.8,-1.66,80280,1360,1.69,1.18,-43.2,0,STABLE_PERFORMER,PROTECT_AND_MONITOR,LOW,350
page_1398,17.0,3,1.0,-0.05,79581,28065,35.27,33.82,-4.3,0,STABLE_PERFORMER,PROTECT_AND_MONITOR,LOW,351
page_1191,16.9,3,8.4,-1.91,72242,2332,3.23,2.41,-33.9,0,STABLE_PERFORMER,PROTECT_AND_MONITOR,LOW,352
page_1408,16.9,3,4.3,-1.88,73931,5381,7.28,5.47,-32.9,0,STABLE_PERFORMER,PROTECT_AND_MONITOR,LOW,353
page_1139,16.9,3,7.2,-1.9,75233,3003,3.99,2.92,-36.6,0,STABLE_PERFORMER,PROTECT_AND_MONITOR,LOW,354
page_1353,16.9,0,22.6,0.04,63957,607,0.95,0.7,-35.0,0,STABLE_PERFORMER,PROTECT_AND_MONITOR,LOW,355
page_1077,16.9,0,23.3,0.06,56915,517,0.91,0.68,-34.4,0,STABLE_PERFORMER,PROTECT_AND_MONITOR,LOW,356
page_1351,16.9,3,16.2,-1.72,71759,1122,1.56,1.06,-47.6,0,STABLE_PERFORMER,PROTECT_AND_MONITOR,LOW,357
page_1205,16.9,0,24.8,0.01,72006,621,0.86,0.63,-37.8,0,STABLE_PERFORMER,PROTECT_AND_MONITOR,LOW,358
page_1031,16.8,0,25.1,0.1,44772,372,0.83,0.62,-34.7,0,STABLE_PERFORMER,PROTECT_AND_MONITOR,LOW,359
page_1056,16.8,0,4.4,-0.01,71388,4365,6.11,5.41,-12.9,0,STABLE_PERFORMER,PROTECT_AND_MONITOR,LOW,360
page_1453,16.8,3,20.2,-1.61,70090,843,1.2,0.81,-49.4,0,STABLE_PERFORMER,PROTECT_AND_MONITOR,LOW,361
page_1292,16.8,3,10.2,-1.89,70228,1864,2.65,1.89,-40.3,0,STABLE_PERFORMER,PROTECT_AND_MONITOR,LOW,362
page_1115,16.8,3,20.2,-1.64,71407,852,1.19,0.81,-48.2,0,STABLE_PERFORMER,PROTECT_AND_MONITOR,LOW,363
page_1244,16.8,0,6.7,-0.08,69591,2641,3.8,3.19,-18.9,0,STABLE_PERFORMER,PROTECT_AND_MONITOR,LOW,364
page_1001,16.7,3,10.9,-1.94,65367,1593,2.44,1.73,-40.6,0,STABLE_PERFORMER,PROTECT_AND_MONITOR,LOW,365
page_1113,16.7,3,1.1,-0.93,64716,21380,33.04,30.35,-8.9,0,STABLE_PERFORMER,PROTECT_AND_MONITOR,LOW,366
page_1433,16.7,0,13.7,0.03,54722,928,1.7,1.3,-30.0,0,STABLE_PERFORMER,PROTECT_AND_MONITOR,LOW,367
page_1051,16.7,3,18.7,-1.63,63310,824,1.3,0.89,-46.7,0,STABLE_PERFORMER,PROTECT_AND_MONITOR,LOW,368
page_1049,16.7,0,19.6,-0.01,4080,31,0.76,0.84,9.2,187,STABLE_PERFORMER,PROTECT_AND_MONITOR,LOW,369
page_1449,16.7,0,15.5,0.03,55448,823,1.48,1.12,-32.0,0,STABLE_PERFORMER,PROTECT_AND_MONITOR,LOW,370
page_1317,16.7,0,10.7,-0.01,64812,1487,2.29,1.78,-28.8,0,STABLE_PERFORMER,PROTECT_AND_MONITOR,LOW,371
page_1014,16.7,0,2.3,0.02,59798,7715,12.9,12.25,-5.3,0,STABLE_PERFORMER,PROTECT_AND_MONITOR,LOW,372
page_1393,16.6,3,7.7,-1.81,61805,2220,3.59,2.67,-34.6,0,STABLE_PERFORMER,PROTECT_AND_MONITOR,LOW,373
page_1152,16.6,0,15.2,0.01,59129,901,1.52,1.15,-32.1,0,STABLE_PERFORMER,PROTECT_AND_MONITOR,LOW,374
page_1421,16.6,3,9.8,-1.78,60096,1625,2.7,1.98,-36.8,0,STABLE_PERFORMER,PROTECT_AND_MONITOR,LOW,375
page_1037,16.6,0,7.0,-0.09,62338,2235,3.59,3.0,-19.7,0,STABLE_PERFORMER,PROTECT_AND_MONITOR,LOW,376
page_1431,16.6,3,18.2,-1.68,61269,825,1.35,0.92,-46.8,0,STABLE_PERFORMER,PROTECT_AND_MONITOR,LOW,377
page_1299,16.6,0,23.2,-0.01,60456,553,0.91,0.68,-34.4,0,STABLE_PERFORMER,PROTECT_AND_MONITOR,LOW,378
page_1450,16.5,3,12.6,-1.72,58635,1213,2.07,1.45,-42.3,0,STABLE_PERFORMER,PROTECT_AND_MONITOR,LOW,379
page_1405,16.5,3,19.6,-1.67,54982,675,1.23,0.84,-46.8,0,STABLE_PERFORMER,PROTECT_AND_MONITOR,LOW,380
page_1456,16.5,0,13.5,0.0,57618,981,1.7,1.33,-28.3,0,STABLE_PERFORMER,PROTECT_AND_MONITOR,LOW,381
page_1459,16.5,0,18.8,0.01,53166,615,1.16,0.88,-30.9,0,STABLE_PERFORMER,PROTECT_AND_MONITOR,LOW,382
page_1206,16.5,0,8.9,-0.0,57295,1570,2.74,2.25,-22.0,0,STABLE_PERFORMER,PROTECT_AND_MONITOR,LOW,383
page_1006,16.5,0,22.9,-0.04,57758,542,0.94,0.69,-36.1,0,STABLE_PERFORMER,PROTECT_AND_MONITOR,LOW,384
page_1254,16.5,0,4.5,0.0,56499,3331,5.9,5.18,-13.9,0,STABLE_PERFORMER,PROTECT_AND_MONITOR,LOW,385
page_1279,16.5,3,13.3,-2.01,58425,1120,1.92,1.36,-40.9,0,STABLE_PERFORMER,PROTECT_AND_MONITOR,LOW,386
page_1439,16.5,0,14.8,-0.1,55541,862,1.55,1.18,-31.1,0,STABLE_PERFORMER,PROTECT_AND_MONITOR,LOW,387
page_1025,16.4,3,9.3,-1.93,54410,1567,2.88,2.1,-36.9,0,STABLE_PERFORMER,PROTECT_AND_MONITOR,LOW,388
page_1314,16.4,3,19.1,-1.68,51904,666,1.28,0.87,-48.3,0,STABLE_PERFORMER,PROTECT_AND_MONITOR,LOW,389
page_1234,16.4,0,9.7,0.0,51596,1283,2.49,2.0,-24.4,0,STABLE_PERFORMER,PROTECT_AND_MONITOR,LOW,390
page_1005,16.4,0,5.1,-0.03,53185,2770,5.21,4.5,-15.6,0,STABLE_PERFORMER,PROTECT_AND_MONITOR,LOW,391
page_1335,16.4,0,11.2,0.0,52491,1112,2.12,1.68,-26.0,0,STABLE_PERFORMER,PROTECT_AND_MONITOR,LOW,392
page_1389,16.4,3,4.2,-1.72,52051,3860,7.42,5.76,-28.7,0,STABLE_PERFORMER,PROTECT_AND_MONITOR,LOW,393
page_1376,16.3,3,15.4,-1.72,50499,819,1.62,1.13,-43.5,0,STABLE_PERFORMER,PROTECT_AND_MONITOR,LOW,394
page_1396,16.3,3,5.4,-1.61,48266,2672,5.54,4.18,-32.6,0,STABLE_PERFORMER,PROTECT_AND_MONITOR,LOW,395
page_1312,16.3,0,4.2,0.04,40398,2595,6.42,5.76,-11.5,0,STABLE_PERFORMER,PROTECT_AND_MONITOR,LOW,396
page_1259,16.3,0,20.0,0.02,43604,475,1.09,0.82,-33.2,0,STABLE_PERFORMER,PROTECT_AND_MONITOR,LOW,397
page_1489,16.3,3,17.7,-1.85,51114,704,1.38,0.95,-45.3,0,STABLE_PERFORMER,PROTECT_AND_MONITOR,LOW,398
page_1175,16.3,0,24.6,0.06,38828,330,0.85,0.63,-34.7,0,STABLE_PERFORMER,PROTECT_AND_MONITOR,LOW,399
page_1467,16.2,3,5.3,-1.77,45311,2539,5.6,4.24,-32.1,0,STABLE_PERFORMER,PROTECT_AND_MONITOR,LOW,400
page_1473,16.2,3,3.6,-1.66,45402,4167,9.18,7.0,-31.1,0,STABLE_PERFORMER,PROTECT_AND_MONITOR,LOW,401
page_1226,16.2,3,1.9,-1.49,45009,9511,21.13,15.6,-35.5,0,STABLE_PERFORMER,PROTECT_AND_MONITOR,LOW,402
page_1127,16.2,3,16.2,-1.75,45482,698,1.53,1.07,-44.1,0,STABLE_PERFORMER,PROTECT_AND_MONITOR,LOW,403
page_1076,16.1,3,1.7,-1.8,42778,10117,23.65,17.32,-36.5,0,STABLE_PERFORMER,PROTECT_AND_MONITOR,LOW,404
page_1470,16.1,0,17.0,-0.07,42473,559,1.32,1.0,-31.2,0,STABLE_PERFORMER,PROTECT_AND_MONITOR,LOW,405
page_1488,16.1,3,4.4,-1.55,42928,2997,6.98,5.38,-29.9,0,STABLE_PERFORMER,PROTECT_AND_MONITOR,LOW,406
page_1498,16.0,3,21.0,-1.63,42010,473,1.13,0.77,-46.9,0,STABLE_PERFORMER,PROTECT_AND_MONITOR,LOW,407
page_1378,16.0,3,1.0,-0.16,39571,13717,34.66,33.82,-2.5,0,STABLE_PERFORMER,PROTECT_AND_MONITOR,LOW,408
page_1485,16.0,3,9.8,-2.06,40589,1102,2.72,1.98,-37.4,0,STABLE_PERFORMER,PROTECT_AND_MONITOR,LOW,409
page_1179,16.0,0,21.8,-0.03,39927,386,0.97,0.73,-31.7,0,STABLE_PERFORMER,PROTECT_AND_MONITOR,LOW,410
page_1308,15.9,3,9.0,-1.79,37187,1116,3.0,2.21,-36.1,0,STABLE_PERFORMER,PROTECT_AND_MONITOR,LOW,411
page_1055,15.9,3,7.8,-1.93,38437,1355,3.53,2.62,-34.4,0,STABLE_PERFORMER,PROTECT_AND_MONITOR,LOW,412
page_1192,15.9,3,10.5,-1.71,38166,954,2.5,1.82,-37.5,0,STABLE_PERFORMER,PROTECT_AND_MONITOR,LOW,413
page_1222,15.9,0,2.8,0.05,29080,2971,10.22,9.29,-10.0,0,STABLE_PERFORMER,PROTECT_AND_MONITOR,LOW,414
page_1058,15.9,0,19.2,0.04,32961,370,1.12,0.86,-30.3,0,STABLE_PERFORMER,PROTECT_AND_MONITOR,LOW,415
page_1040,15.9,0,23.9,-0.05,39371,348,0.88,0.66,-34.8,0,STABLE_PERFORMER,PROTECT_AND_MONITOR,LOW,416
page_1203,15.8,3,1.7,-1.52,35384,8109,22.92,17.55,-30.6,0,STABLE_PERFORMER,PROTECT_AND_MONITOR,LOW,417
page_1167,15.8,0,5.0,-0.02,35826,1841,5.14,4.52,-13.7,0,STABLE_PERFORMER,PROTECT_AND_MONITOR,LOW,418
page_1285,15.8,0,22.8,-0.08,36312,334,0.92,0.69,-32.5,0,STABLE_PERFORMER,PROTECT_AND_MONITOR,LOW,419
page_1385,15.8,3,2.6,-1.72,35782,5133,14.35,10.43,-37.5,0,STABLE_PERFORMER,PROTECT_AND_MONITOR,LOW,420
page_1377,15.8,0,16.8,-0.11,36472,477,1.31,1.01,-28.9,0,STABLE_PERFORMER,PROTECT_AND_MONITOR,LOW,421
page_1070,15.7,3,10.7,-1.64,32411,795,2.45,1.79,-37.3,0,STABLE_PERFORMER,PROTECT_AND_MONITOR,LOW,422
page_1237,15.7,0,20.6,-0.03,32656,341,1.04,0.79,-32.9,0,STABLE_PERFORMER,PROTECT_AND_MONITOR,LOW,423
page_1497,15.7,0,4.5,0.02,32143,1910,5.94,5.24,-13.3,0,STABLE_PERFORMER,PROTECT_AND_MONITOR,LOW,424
page_1354,15.7,0,6.1,-0.02,33844,1430,4.23,3.59,-17.6,0,STABLE_PERFORMER,PROTECT_AND_MONITOR,LOW,425
page_1460,15.7,0,3.2,0.05,25996,2233,8.59,7.93,-8.3,0,STABLE_PERFORMER,PROTECT_AND_MONITOR,LOW,426
page_1420,15.7,3,19.2,-1.56,34462,432,1.25,0.86,-45.5,0,STABLE_PERFORMER,PROTECT_AND_MONITOR,LOW,427
page_1057,15.7,0,1.9,0.05,26963,4244,15.74,14.86,-5.9,0,STABLE_PERFORMER,PROTECT_AND_MONITOR,LOW,428
page_1128,15.7,0,2.1,0.07,25129,3498,13.92,13.22,-5.3,0,STABLE_PERFORMER,PROTECT_AND_MONITOR,LOW,429
page_1486,15.6,0,17.6,0.04,26252,322,1.23,0.96,-28.1,0,STABLE_PERFORMER,PROTECT_AND_MONITOR,LOW,430
page_1358,15.6,3,11.6,-1.81,30374,689,2.27,1.6,-41.8,0,STABLE_PERFORMER,PROTECT_AND_MONITOR,LOW,431
page_1430,15.6,0,4.5,-0.03,31125,1830,5.88,5.22,-12.7,0,STABLE_PERFORMER,PROTECT_AND_MONITOR,LOW,432
page_1069,15.6,3,6.5,-1.94,31459,1412,4.49,3.33,-34.9,0,STABLE_PERFORMER,PROTECT_AND_MONITOR,LOW,433
page_1412,15.5,3,13.0,-1.88,29326,566,1.93,1.39,-38.9,0,STABLE_PERFORMER,PROTECT_AND_MONITOR,LOW,434
page_1219,15.5,3,15.5,-1.9,29948,474,1.58,1.12,-41.7,0,STABLE_PERFORMER,PROTECT_AND_MONITOR,LOW,435
page_1118,15.5,3,17.7,-1.45,28901,395,1.37,0.95,-44.0,0,STABLE_PERFORMER,PROTECT_AND_MONITOR,LOW,436
page_1276,15.4,3,3.8,-1.71,26735,2243,8.39,6.39,-31.2,0,STABLE_PERFORMER,PROTECT_AND_MONITOR,LOW,437
page_1290,15.4,0,4.8,-0.06,26577,1445,5.44,4.81,-13.0,0,STABLE_PERFORMER,PROTECT_AND_MONITOR,LOW,438
page_1383,15.4,3,1.3,-1.17,28028,8385,29.92,25.49,-17.4,0,STABLE_PERFORMER,PROTECT_AND_MONITOR,LOW,439
page_1390,15.3,3,15.6,-1.73,26177,410,1.57,1.12,-40.4,0,STABLE_PERFORMER,PROTECT_AND_MONITOR,LOW,440
page_1094,15.3,3,19.5,-1.89,25585,304,1.19,0.84,-41.3,0,STABLE_PERFORMER,PROTECT_AND_MONITOR,LOW,441
page_1262,15.2,0,7.2,0.03,20037,681,3.4,2.93,-16.0,0,STABLE_PERFORMER,PROTECT_AND_MONITOR,LOW,442
page_1099,15.2,0,2.2,0.01,22894,3064,13.38,12.75,-5.0,0,STABLE_PERFORMER,PROTECT_AND_MONITOR,LOW,443
page_1347,15.2,0,25.0,-0.0,24506,194,0.79,0.62,-27.8,0,STABLE_PERFORMER,PROTECT_AND_MONITOR,LOW,444
page_1112,15.2,3,13.3,-1.63,24514,461,1.88,1.35,-39.0,0,STABLE_PERFORMER,PROTECT_AND_MONITOR,LOW,445
page_1336,15.1,3,20.0,-1.81,22382,257,1.15,0.81,-41.0,0,STABLE_PERFORMER,PROTECT_AND_MONITOR,LOW,446
page_1068,15.1,0,22.7,-0.03,22995,211,0.92,0.7,-31.5,0,STABLE_PERFORMER,PROTECT_AND_MONITOR,LOW,447
page_1256,15.1,3,13.2,-1.69,22305,415,1.86,1.36,-36.4,0,STABLE_PERFORMER,PROTECT_AND_MONITOR,LOW,448
page_1181,15.1,0,7.2,-0.07,22297,768,3.44,2.89,-19.4,0,STABLE_PERFORMER,PROTECT_AND_MONITOR,LOW,449
page_1042,15.0,0,6.6,-0.09,21077,805,3.82,3.23,-18.2,0,STABLE_PERFORMER,PROTECT_AND_MONITOR,LOW,450
page_1445,14.9,3,1.0,-0.08,20281,7180,35.4,33.82,-4.7,0,STABLE_PERFORMER,PROTECT_AND_MONITOR,LOW,451
page_1401,14.9,3,1.0,-0.21,19357,6849,35.38,33.82,-4.6,0,STABLE_PERFORMER,PROTECT_AND_MONITOR,LOW,452
page_1296,14.9,3,20.4,-1.79,19367,219,1.13,0.8,-41.9,0,STABLE_PERFORMER,PROTECT_AND_MONITOR,LOW,453
page_1436,14.9,0,1.6,-0.1,20038,3839,19.16,18.97,-1.0,0,STABLE_PERFORMER,PROTECT_AND_MONITOR,LOW,454
page_1021,14.9,0,10.2,-0.08,19422,450,2.32,1.88,-23.2,0,STABLE_PERFORMER,PROTECT_AND_MONITOR,LOW,455
page_1208,14.8,0,7.3,-0.06,18022,603,3.35,2.88,-16.1,0,STABLE_PERFORMER,PROTECT_AND_MONITOR,LOW,456
page_1374,14.7,0,1.8,0.01,16325,2756,16.88,16.3,-3.6,0,STABLE_PERFORMER,PROTECT_AND_MONITOR,LOW,457
page_1066,14.7,0,10.6,0.02,15906,347,2.18,1.81,-20.7,0,STABLE_PERFORMER,PROTECT_AND_MONITOR,LOW,458
page_1239,14.7,0,10.2,0.07,12505,281,2.25,1.88,-19.4,0,STABLE_PERFORMER,PROTECT_AND_MONITOR,LOW,459
page_1071,14.6,0,19.8,-0.03,15584,160,1.03,0.83,-24.1,0,STABLE_PERFORMER,PROTECT_AND_MONITOR,LOW,460
page_1199,14.6,3,9.9,-1.8,15856,417,2.63,1.97,-33.7,0,STABLE_PERFORMER,PROTECT_AND_MONITOR,LOW,461
page_1369,14.6,0,23.7,-0.02,15747,133,0.84,0.66,-27.8,0,STABLE_PERFORMER,PROTECT_AND_MONITOR,LOW,462
page_1032,14.5,0,24.9,-0.0,15077,117,0.78,0.62,-25.1,0,STABLE_PERFORMER,PROTECT_AND_MONITOR,LOW,463
page_1458,14.5,0,5.2,0.01,14518,722,4.97,4.39,-13.3,0,STABLE_PERFORMER,PROTECT_AND_MONITOR,LOW,464
page_1332,14.5,0,4.5,-0.02,15137,879,5.81,5.15,-12.8,0,STABLE_PERFORMER,PROTECT_AND_MONITOR,LOW,465
page_1252,14.5,3,13.3,-1.75,14925,273,1.83,1.36,-34.9,0,STABLE_PERFORMER,PROTECT_AND_MONITOR,LOW,466
page_1111,14.5,0,20.2,-0.01,14686,149,1.01,0.81,-25.9,0,STABLE_PERFORMER,PROTECT_AND_MONITOR,LOW,467
page_1010,14.5,0,15.7,-0.08,14796,205,1.39,1.1,-26.0,0,STABLE_PERFORMER,PROTECT_AND_MONITOR,LOW,468
page_1033,14.5,3,11.3,-1.95,15145,334,2.21,1.66,-33.1,0,STABLE_PERFORMER,PROTECT_AND_MONITOR,LOW,469
page_1109,14.4,0,17.7,0.06,10783,127,1.18,0.95,-23.7,0,STABLE_PERFORMER,PROTECT_AND_MONITOR,LOW,470
page_1067,14.4,3,8.4,-2.15,14194,455,3.21,2.39,-34.4,0,STABLE_PERFORMER,PROTECT_AND_MONITOR,LOW,471
page_1411,14.4,3,4.5,-1.95,14191,938,6.61,5.17,-28.0,0,STABLE_PERFORMER,PROTECT_AND_MONITOR,LOW,472
page_1368,14.3,0,21.7,0.01,12374,114,0.92,0.74,-24.7,0,STABLE_PERFORMER,PROTECT_AND_MONITOR,LOW,473
page_1387,14.3,0,6.9,0.07,9531,332,3.48,3.05,-14.3,0,STABLE_PERFORMER,PROTECT_AND_MONITOR,LOW,474
page_1441,14.3,3,11.2,-2.04,12800,294,2.3,1.67,-37.3,0,STABLE_PERFORMER,PROTECT_AND_MONITOR,LOW,475
page_1116,14.2,3,1.0,-0.59,12612,4416,35.01,32.67,-7.2,0,STABLE_PERFORMER,PROTECT_AND_MONITOR,LOW,476
page_1126,14.2,3,9.1,-1.98,12317,364,2.96,2.18,-35.3,0,STABLE_PERFORMER,PROTECT_AND_MONITOR,LOW,477
page_1371,14.2,0,7.6,-0.02,12330,379,3.07,2.71,-13.6,0,STABLE_PERFORMER,PROTECT_AND_MONITOR,LOW,478
page_1034,14.1,3,16.6,-1.77,11302,155,1.37,1.03,-32.8,0,STABLE_PERFORMER,PROTECT_AND_MONITOR,LOW,479
page_1164,14.1,0,3.6,-0.01,11315,840,7.42,6.85,-8.4,0,STABLE_PERFORMER,PROTECT_AND_MONITOR,LOW,480
page_1380,14.1,0,6.7,-0.0,11331,416,3.67,3.19,-15.1,0,STABLE_PERFORMER,PROTECT_AND_MONITOR,LOW,481
page_1400,14.1,0,6.1,-0.08,11657,480,4.12,3.6,-14.5,0,STABLE_PERFORMER,PROTECT_AND_MONITOR,LOW,482
page_1434,13.9,0,5.3,-0.06,10195,489,4.8,4.28,-12.1,0,STABLE_PERFORMER,PROTECT_AND_MONITOR,LOW,483
page_1190,13.8,0,9.0,0.09,6366,162,2.54,2.21,-15.1,0,STABLE_PERFORMER,PROTECT_AND_MONITOR,LOW,484
page_1291,13.8,0,15.1,-0.01,9773,133,1.36,1.15,-17.9,0,STABLE_PERFORMER,PROTECT_AND_MONITOR,LOW,485
page_1273,13.6,3,8.0,-1.48,8321,270,3.24,2.53,-28.1,0,STABLE_PERFORMER,PROTECT_AND_MONITOR,LOW,486
page_1318,13.5,0,2.5,0.03,7029,780,11.1,10.64,-4.3,0,STABLE_PERFORMER,PROTECT_AND_MONITOR,LOW,487
page_1493,13.5,0,15.3,0.04,6579,89,1.35,1.14,-18.3,0,STABLE_PERFORMER,PROTECT_AND_MONITOR,LOW,488
page_1247,13.5,3,11.3,-1.6,7677,162,2.11,1.66,-27.5,0,STABLE_PERFORMER,PROTECT_AND_MONITOR,LOW,489
page_1132,13.4,0,13.4,0.0,7062,111,1.57,1.35,-16.7,0,STABLE_PERFORMER,PROTECT_AND_MONITOR,LOW,490
page_1100,13.4,0,5.3,0.05,5825,271,4.65,4.25,-9.4,0,STABLE_PERFORMER,PROTECT_AND_MONITOR,LOW,491
page_1202,13.3,0,9.3,0.1,4086,95,2.33,2.12,-9.4,0,STABLE_PERFORMER,PROTECT_AND_MONITOR,LOW,492
page_1073,13.2,3,13.1,-1.83,6549,115,1.76,1.38,-27.1,0,STABLE_PERFORMER,PROTECT_AND_MONITOR,LOW,493
page_1264,13.1,3,1.0,-0.22,6064,2093,34.52,33.82,-2.1,0,STABLE_PERFORMER,PROTECT_AND_MONITOR,LOW,494
page_1072,12.9,0,10.7,0.0,5049,96,1.9,1.79,-6.4,0,STABLE_PERFORMER,PROTECT_AND_MONITOR,LOW,495
page_1339,12.8,0,16.3,0.01,4496,51,1.13,1.06,-7.5,0,STABLE_PERFORMER,PROTECT_AND_MONITOR,LOW,496
page_1454,12.7,0,11.1,-0.06,4589,84,1.83,1.69,-8.3,0,STABLE_PERFORMER,PROTECT_AND_MONITOR,LOW,497
page_1201,12.6,0,2.4,-0.03,4205,491,11.68,11.2,-4.3,0,STABLE_PERFORMER,PROTECT_AND_MONITOR,LOW,498
page_1283,12.5,0,9.5,0.02,3531,74,2.1,2.07,-1.1,0,STABLE_PERFORMER,PROTECT_AND_MONITOR,LOW,499
page_1168,12.3,0,5.6,-0.04,3391,142,4.19,3.97,-5.4,0,STABLE_PERFORMER,PROTECT_AND_MONITOR,LOW,500
